-- phpMyAdmin SQL Dump
-- version 5.2.0
-- https://www.phpmyadmin.net/
--
-- Host: 127.0.0.1
-- Generation Time: May 06, 2023 at 05:52 AM
-- Server version: 10.4.24-MariaDB
-- PHP Version: 8.1.6

SET SQL_MODE = "NO_AUTO_VALUE_ON_ZERO";
START TRANSACTION;
SET time_zone = "+00:00";


/*!40101 SET @OLD_CHARACTER_SET_CLIENT=@@CHARACTER_SET_CLIENT */;
/*!40101 SET @OLD_CHARACTER_SET_RESULTS=@@CHARACTER_SET_RESULTS */;
/*!40101 SET @OLD_COLLATION_CONNECTION=@@COLLATION_CONNECTION */;
/*!40101 SET NAMES utf8mb4 */;

--
-- Database: `event_tabulation`
--

-- --------------------------------------------------------

--
-- Table structure for table `additional_portions`
--

CREATE TABLE `additional_portions` (
  `id` bigint(20) UNSIGNED NOT NULL,
  `numberOfArrayRating` int(11) NOT NULL,
  `event_id` mediumint(8) UNSIGNED NOT NULL,
  `created_at` timestamp NULL DEFAULT NULL,
  `updated_at` timestamp NULL DEFAULT NULL
) ENGINE=InnoDB DEFAULT CHARSET=utf8mb4 COLLATE=utf8mb4_unicode_ci;

--
-- Dumping data for table `additional_portions`
--

INSERT INTO `additional_portions` (`id`, `numberOfArrayRating`, `event_id`, `created_at`, `updated_at`) VALUES
(13, 12, 1, '2023-04-06 00:19:17', '2023-04-06 06:07:01'),
(14, 12, 1, '2023-04-06 06:06:28', '2023-04-06 06:07:01'),
(15, 160, 2, '2023-04-06 07:01:23', '2023-04-06 07:27:46'),
(16, 160, 2, '2023-04-06 07:05:52', '2023-04-06 07:27:46'),
(17, 160, 2, '2023-04-06 07:06:06', '2023-04-06 07:27:46');

-- --------------------------------------------------------

--
-- Table structure for table `awards`
--

CREATE TABLE `awards` (
  `id` bigint(20) UNSIGNED NOT NULL,
  `portion_id` mediumint(8) UNSIGNED NOT NULL,
  `event_id` mediumint(8) UNSIGNED NOT NULL,
  `user_id` mediumint(8) UNSIGNED NOT NULL,
  `award_name` varchar(255) COLLATE utf8mb4_unicode_ci NOT NULL,
  `created_at` timestamp NOT NULL DEFAULT current_timestamp(),
  `updated_at` timestamp NOT NULL DEFAULT current_timestamp() ON UPDATE current_timestamp()
) ENGINE=InnoDB DEFAULT CHARSET=utf8mb4 COLLATE=utf8mb4_unicode_ci;

--
-- Dumping data for table `awards`
--

INSERT INTO `awards` (`id`, `portion_id`, `event_id`, `user_id`, `award_name`, `created_at`, `updated_at`) VALUES
(1, 1, 1, 1, 'litmusda champion 2023', '2023-04-05 06:00:23', '2023-04-05 06:00:23'),
(2, 4, 1, 1, 'ms aclc 2023', '2023-04-05 06:41:22', '2023-04-05 06:41:22'),
(3, 4, 1, 1, 'dsfdfa', '2023-04-05 06:41:53', '2023-04-05 06:41:53'),
(4, 84, 2, 1, 'best in production number', '2023-04-06 06:41:59', '2023-04-06 06:41:59'),
(5, 86, 2, 1, 'best in swimsuit attire', '2023-04-06 06:42:14', '2023-04-06 06:42:14'),
(6, 85, 2, 1, 'best in long gown', '2023-04-06 06:42:34', '2023-04-06 06:42:34'),
(12, 92, 2, 1, 'mss aclc 2023', '2023-04-06 07:23:02', '2023-04-06 07:23:02'),
(13, 92, 2, 1, 'top 2 ', '2023-04-06 07:23:20', '2023-04-06 07:23:20'),
(14, 92, 2, 1, 'top 3', '2023-04-06 07:23:24', '2023-04-06 07:23:24');

-- --------------------------------------------------------

--
-- Table structure for table `candidates`
--

CREATE TABLE `candidates` (
  `id` bigint(20) UNSIGNED NOT NULL,
  `candidate_number` int(11) NOT NULL,
  `event_id` smallint(5) UNSIGNED NOT NULL,
  `user_id` smallint(5) UNSIGNED NOT NULL,
  `full_name` varchar(255) COLLATE utf8mb4_unicode_ci NOT NULL,
  `origin` varchar(255) COLLATE utf8mb4_unicode_ci NOT NULL,
  `photo` varchar(255) COLLATE utf8mb4_unicode_ci NOT NULL,
  `created_at` timestamp NOT NULL DEFAULT current_timestamp(),
  `updated_at` timestamp NOT NULL DEFAULT current_timestamp() ON UPDATE current_timestamp()
) ENGINE=InnoDB DEFAULT CHARSET=utf8mb4 COLLATE=utf8mb4_unicode_ci;

--
-- Dumping data for table `candidates`
--

INSERT INTO `candidates` (`id`, `candidate_number`, `event_id`, `user_id`, `full_name`, `origin`, `photo`, `created_at`, `updated_at`) VALUES
(1, 1, 1, 1, 'team red', 'aclc', 'cdCV6lrDA5jJUSF0.jpg', '2023-04-05 05:58:05', '2023-04-05 05:58:05'),
(2, 2, 1, 1, 'team blue', 'aclc', '7IU4mujWmwqhLHnG.jpg', '2023-04-05 05:58:24', '2023-04-05 05:58:24'),
(3, 3, 1, 1, 'team green', 'aclc', 'cJTT748xxTWWMP0W.jpg', '2023-04-05 05:58:37', '2023-04-05 05:58:37'),
(4, 1, 2, 1, 'marien anne', 'aclc', '45LlzMJ6LEYVCDbR.jpg', '2023-04-06 06:20:30', '2023-04-06 06:20:30'),
(5, 2, 2, 1, 'noneth hdjfe', 'CCLC', 'DBHpCrocT5zhsHbw.jpg', '2023-04-06 06:20:49', '2023-04-06 06:20:49'),
(6, 3, 2, 1, 'tere sadvf f', 'aclc', 'qKEUgjpZOu5cAOjo.jpg', '2023-04-06 06:21:02', '2023-04-06 06:21:02'),
(7, 4, 2, 1, 'regreace dfes', 'aclc', 'G7TPjIQ9oemHN2hN.jpg', '2023-04-06 06:21:15', '2023-04-06 06:21:15'),
(8, 5, 2, 1, 'yuki sarig', 'CLC', 'Eb5l15YThVXAkB4h.jpg', '2023-04-06 06:21:27', '2023-04-06 06:21:27'),
(9, 6, 2, 1, 'benny hoo', 'aclc', 'NG3cc4TZum6DFKar.jpg', '2023-04-06 06:21:57', '2023-04-06 06:21:57'),
(10, 7, 2, 1, 'franceine khjuyiu', 'aclc', 'K64M54mwKH9z1jmt.jpg', '2023-04-06 06:22:11', '2023-04-06 06:22:11'),
(11, 8, 2, 1, 'hwnny huiy7i', 'aclc', 'Q0kyx76bWdmvHNGk.jpg', '2023-04-06 06:22:26', '2023-04-06 06:22:26'),
(12, 9, 2, 1, 'arisr hjgi', 'accl', 'Usq48qK899cxIrdd.jpg', '2023-04-06 06:44:42', '2023-04-06 06:44:42'),
(13, 10, 2, 1, 'princess niulgyu', 'aclc', 'nHSab8WzOsYSOCtE.jpg', '2023-04-06 06:44:53', '2023-04-06 06:44:53'),
(14, 11, 2, 1, 'thera fdtr', 'aclc', 'w4K1aQj6oCOuD6HK.jpg', '2023-04-06 06:45:03', '2023-04-06 06:45:03'),
(15, 12, 2, 1, 'merry anne ', 'aclc', 'CvTzhHDfNgLAAExV.jpg', '2023-04-06 06:45:25', '2023-04-06 06:45:25'),
(16, 13, 2, 1, 'laine sales', 'aclc', 'UhZ3ZXevHfbb7D9P.jpg', '2023-04-06 06:45:35', '2023-04-06 06:45:35');

-- --------------------------------------------------------

--
-- Table structure for table `criterias`
--

CREATE TABLE `criterias` (
  `id` bigint(20) UNSIGNED NOT NULL,
  `portion_id` mediumint(8) UNSIGNED NOT NULL,
  `user_id` mediumint(8) UNSIGNED NOT NULL,
  `event_id` mediumint(8) UNSIGNED NOT NULL,
  `title` varchar(255) COLLATE utf8mb4_unicode_ci NOT NULL,
  `percentage` int(11) NOT NULL,
  `isLink` tinyint(1) NOT NULL DEFAULT 0,
  `portionLink` int(11) NOT NULL,
  `created_at` timestamp NOT NULL DEFAULT current_timestamp(),
  `updated_at` timestamp NOT NULL DEFAULT current_timestamp() ON UPDATE current_timestamp()
) ENGINE=InnoDB DEFAULT CHARSET=utf8mb4 COLLATE=utf8mb4_unicode_ci;

--
-- Dumping data for table `criterias`
--

INSERT INTO `criterias` (`id`, `portion_id`, `user_id`, `event_id`, `title`, `percentage`, `isLink`, `portionLink`, `created_at`, `updated_at`) VALUES
(165, 82, 1, 1, 'a', 50, 0, 0, '2023-04-06 00:19:07', '2023-04-06 00:19:07'),
(166, 82, 1, 1, 's', 50, 0, 0, '2023-04-06 00:19:10', '2023-04-06 00:19:10'),
(167, 83, 1, 1, 'a', 50, 0, 0, '2023-04-06 06:06:53', '2023-04-06 06:06:53'),
(168, 83, 1, 1, 's', 50, 0, 0, '2023-04-06 06:06:56', '2023-04-06 06:06:56'),
(169, 84, 1, 2, 'a', 60, 0, 0, '2023-04-06 06:39:06', '2023-04-06 06:39:06'),
(170, 84, 1, 2, 'b', 40, 0, 0, '2023-04-06 06:39:12', '2023-04-06 06:39:12'),
(171, 85, 1, 2, 'c', 50, 0, 0, '2023-04-06 06:39:19', '2023-04-06 06:39:19'),
(172, 85, 1, 2, 'd', 50, 0, 0, '2023-04-06 06:39:23', '2023-04-06 06:39:23'),
(173, 86, 1, 2, 'e', 70, 0, 0, '2023-04-06 06:39:29', '2023-04-06 06:39:29'),
(174, 86, 1, 2, 'f', 30, 0, 0, '2023-04-06 06:39:32', '2023-04-06 06:39:32'),
(177, 87, 1, 2, 'prod number', 40, 1, 84, '2023-04-06 06:40:31', '2023-04-06 06:40:31'),
(178, 87, 1, 2, 'long gown', 30, 1, 85, '2023-04-06 06:40:35', '2023-04-06 06:40:35'),
(179, 87, 1, 2, 'swim suit', 30, 1, 86, '2023-04-06 06:40:39', '2023-04-06 06:40:39'),
(180, 88, 1, 2, 'q', 60, 0, 0, '2023-04-06 06:41:06', '2023-04-06 06:41:06'),
(181, 88, 1, 2, 'w', 40, 0, 0, '2023-04-06 06:41:09', '2023-04-06 06:41:09'),
(182, 89, 1, 2, 'q and a', 100, 1, 88, '2023-04-06 06:41:26', '2023-04-06 06:41:26'),
(183, 90, 1, 2, 'c', 70, 0, 0, '2023-04-06 06:41:36', '2023-04-06 06:41:36'),
(184, 90, 1, 2, 'v', 30, 0, 0, '2023-04-06 06:41:40', '2023-04-06 06:41:40'),
(188, 94, 1, 2, 'a', 50, 0, 0, '2023-04-06 07:28:48', '2023-04-06 07:28:48'),
(189, 94, 1, 2, 's', 50, 0, 0, '2023-04-06 07:28:51', '2023-04-06 07:28:51');

-- --------------------------------------------------------

--
-- Table structure for table `events`
--

CREATE TABLE `events` (
  `id` smallint(5) UNSIGNED NOT NULL,
  `title` varchar(255) COLLATE utf8mb4_unicode_ci NOT NULL,
  `photo` varchar(255) COLLATE utf8mb4_unicode_ci NOT NULL,
  `description` text COLLATE utf8mb4_unicode_ci DEFAULT NULL,
  `user_id` smallint(5) UNSIGNED NOT NULL,
  `created_at` timestamp NOT NULL DEFAULT current_timestamp(),
  `updated_at` timestamp NOT NULL DEFAULT current_timestamp() ON UPDATE current_timestamp()
) ENGINE=InnoDB DEFAULT CHARSET=utf8mb4 COLLATE=utf8mb4_unicode_ci;

--
-- Dumping data for table `events`
--

INSERT INTO `events` (`id`, `title`, `photo`, `description`, `user_id`, `created_at`, `updated_at`) VALUES
(1, 'litmusda', 'XTvyj4c5g9eW3cS2.jpg', NULL, 1, '2023-03-20 22:54:01', '2023-03-20 22:54:01'),
(2, 'mss. aclc 2023', 'zVcUGIRO8Za2HTsc.jpg', NULL, 1, '2023-04-06 06:18:33', '2023-04-06 06:18:33'),
(3, 'inda', 'null', NULL, 5, '2023-04-26 01:25:33', '2023-04-26 01:25:33');

-- --------------------------------------------------------

--
-- Table structure for table `extra_toplists`
--

CREATE TABLE `extra_toplists` (
  `id` bigint(20) UNSIGNED NOT NULL,
  `portion_id` mediumint(8) UNSIGNED NOT NULL,
  `judge_id` mediumint(8) UNSIGNED NOT NULL,
  `event_id` mediumint(8) UNSIGNED NOT NULL,
  `candidate_id` mediumint(8) UNSIGNED NOT NULL,
  `candidate_number` int(11) NOT NULL,
  `created_at` timestamp NOT NULL DEFAULT current_timestamp(),
  `updated_at` timestamp NOT NULL DEFAULT current_timestamp() ON UPDATE current_timestamp()
) ENGINE=InnoDB DEFAULT CHARSET=utf8mb4 COLLATE=utf8mb4_unicode_ci;

--
-- Dumping data for table `extra_toplists`
--

INSERT INTO `extra_toplists` (`id`, `portion_id`, `judge_id`, `event_id`, `candidate_id`, `candidate_number`, `created_at`, `updated_at`) VALUES
(1, 88, 4, 2, 14, 11, '2023-04-06 07:01:24', '2023-04-06 07:27:27'),
(2, 88, 4, 2, 16, 13, '2023-04-06 07:01:24', '2023-04-06 07:27:27'),
(3, 88, 4, 2, 15, 12, '2023-04-06 07:01:24', '2023-04-06 07:27:27'),
(4, 88, 4, 2, 9, 6, '2023-04-06 07:01:24', '2023-04-06 07:27:27'),
(5, 88, 4, 2, 8, 5, '2023-04-06 07:01:24', '2023-04-06 07:27:27'),
(6, 88, 4, 2, 6, 3, '2023-04-06 07:01:24', '2023-04-06 07:27:27'),
(7, 88, 4, 2, 11, 8, '2023-04-06 07:01:24', '2023-04-06 07:27:27'),
(8, 88, 4, 2, 4, 1, '2023-04-06 07:01:24', '2023-04-06 07:27:27'),
(9, 88, 4, 2, 5, 2, '2023-04-06 07:01:24', '2023-04-06 07:27:27'),
(10, 88, 4, 2, 12, 9, '2023-04-06 07:01:24', '2023-04-06 07:27:27'),
(11, 90, 4, 2, 5, 2, '2023-04-06 07:01:24', '2023-04-06 07:27:27'),
(12, 90, 4, 2, 8, 5, '2023-04-06 07:01:24', '2023-04-06 07:27:27'),
(13, 90, 4, 2, 12, 9, '2023-04-06 07:01:24', '2023-04-06 07:27:27'),
(14, 90, 4, 2, 9, 6, '2023-04-06 07:01:24', '2023-04-06 07:27:27'),
(15, 90, 4, 2, 16, 13, '2023-04-06 07:01:24', '2023-04-06 07:27:27');

-- --------------------------------------------------------

--
-- Table structure for table `failed_jobs`
--

CREATE TABLE `failed_jobs` (
  `id` bigint(20) UNSIGNED NOT NULL,
  `uuid` varchar(255) COLLATE utf8mb4_unicode_ci NOT NULL,
  `connection` text COLLATE utf8mb4_unicode_ci NOT NULL,
  `queue` text COLLATE utf8mb4_unicode_ci NOT NULL,
  `payload` longtext COLLATE utf8mb4_unicode_ci NOT NULL,
  `exception` longtext COLLATE utf8mb4_unicode_ci NOT NULL,
  `failed_at` timestamp NOT NULL DEFAULT current_timestamp()
) ENGINE=InnoDB DEFAULT CHARSET=utf8mb4 COLLATE=utf8mb4_unicode_ci;

-- --------------------------------------------------------

--
-- Table structure for table `judges`
--

CREATE TABLE `judges` (
  `id` bigint(20) UNSIGNED NOT NULL,
  `judge_number` int(11) NOT NULL,
  `event_id` smallint(5) UNSIGNED NOT NULL,
  `user_id` smallint(5) UNSIGNED NOT NULL,
  `full_name` varchar(255) COLLATE utf8mb4_unicode_ci NOT NULL,
  `is_chairman` tinyint(1) NOT NULL DEFAULT 0,
  `photo` varchar(255) COLLATE utf8mb4_unicode_ci DEFAULT NULL,
  `username` varchar(255) COLLATE utf8mb4_unicode_ci NOT NULL,
  `password` varchar(255) COLLATE utf8mb4_unicode_ci NOT NULL,
  `created_at` timestamp NOT NULL DEFAULT current_timestamp(),
  `updated_at` timestamp NOT NULL DEFAULT current_timestamp() ON UPDATE current_timestamp()
) ENGINE=InnoDB DEFAULT CHARSET=utf8mb4 COLLATE=utf8mb4_unicode_ci;

--
-- Dumping data for table `judges`
--

INSERT INTO `judges` (`id`, `judge_number`, `event_id`, `user_id`, `full_name`, `is_chairman`, `photo`, `username`, `password`, `created_at`, `updated_at`) VALUES
(1, 1, 1, 1, 'hatol', 1, 'DzBlS5CG85agHhcT.jpg', 'hatol1', '$2y$10$jTKNzaB6TY7dMt3w8bdoGuEfTxl2jav1i6Euyd/sEw8Uo7uezwf0u', '2023-04-05 05:52:48', '2023-04-05 05:52:48'),
(2, 2, 1, 1, 'hatol2', 0, 'oKrMZNBe4GHStRHo.jpg', 'hatol2', '$2y$10$CXF0y1fnulGWPGgb3z93mOOTcFY/4pYTmkK43nEYK1m1LDG6K6RzC', '2023-04-05 05:53:51', '2023-04-05 05:53:51'),
(3, 3, 1, 1, 'hatol3', 0, 'fVVuIvwyVN0eGZNb.jpg', 'hatol3', '$2y$10$nxAvTl9dBvsgL2NQsvlEW.TjG3RLCFCAEdJkS444KQ0Tk8BhWe28.', '2023-04-05 05:54:18', '2023-04-05 05:54:18'),
(4, 1, 2, 1, 'jd1', 1, 'vreZZu45IZhOfvFf.jpg', 'jd1', '$2y$10$IkL4lULFlppRFjx6AT1cyORNLXJvgEUw/iKIuRMZNrw8JQC0tC9Ne', '2023-04-06 06:19:25', '2023-04-06 06:19:25'),
(5, 2, 2, 1, 'jd2', 0, 'CKODeCT52TvT4O22.jpg', 'jd2', '$2y$10$e.bx2yoSuTMyvUkYPcBdS.8W6XY7JEzlTfP8zbNXSDxqFxjLy/2Wi', '2023-04-06 06:19:45', '2023-04-06 06:19:45'),
(6, 3, 2, 1, 'jd3', 0, 'VQ6DMoinhmkf6bWO.jpg', 'jd3', '$2y$10$ARrI.mYGwcV/r4Jwb2dAN.2ZB5Gahu2ISRiVYprX3OinIt6XZtVfG', '2023-04-06 06:20:05', '2023-04-06 06:20:05'),
(7, 1, 3, 5, 'a', 1, 'buUkqVddiBwuVMPs.jpg', 'a', '$2y$10$UhVp81NSYaqDo2EpJR.1bOHdgmNA5HICpmTWdf/WYLNXzc8cQwLCG', '2023-04-26 01:28:53', '2023-04-26 01:28:53'),
(8, 2, 3, 5, 'q', 0, 'SvXNROtxK57EkB3c.jpg', 'q', '$2y$10$ofHt9BxXlecSDiV/vIxuJucmAGY2ou1.UHgC/kg0ru/32G8W0UWUa', '2023-04-26 01:42:22', '2023-04-26 01:42:22');

-- --------------------------------------------------------

--
-- Table structure for table `migrations`
--

CREATE TABLE `migrations` (
  `id` int(10) UNSIGNED NOT NULL,
  `migration` varchar(255) COLLATE utf8mb4_unicode_ci NOT NULL,
  `batch` int(11) NOT NULL
) ENGINE=InnoDB DEFAULT CHARSET=utf8mb4 COLLATE=utf8mb4_unicode_ci;

--
-- Dumping data for table `migrations`
--

INSERT INTO `migrations` (`id`, `migration`, `batch`) VALUES
(1, '2014_10_12_100000_create_password_resets_table', 1),
(2, '2019_08_19_000000_create_failed_jobs_table', 1),
(3, '2019_12_14_000001_create_personal_access_tokens_table', 1),
(4, '2023_01_07_041504_create_users_table', 1),
(5, '2023_01_07_094216_create_events_table', 1),
(6, '2023_01_07_141121_create_portions_table', 1),
(7, '2023_01_23_013516_create_judges_table', 1),
(8, '2023_01_23_121205_create_candidates_table', 1),
(9, '2023_01_30_172456_create_ratings_table', 1),
(10, '2023_02_02_075007_add_number_of_top_candidate_to_portions', 2),
(11, '2023_02_27_124556_create_toplists_table', 2),
(12, '2023_02_28_095529_create_criterias_table', 2),
(13, '2023_03_02_023520_add_number_of_candidate_to_rate_to_portions', 2),
(14, '2023_03_03_083830_create_extra_toplists_table', 2),
(15, '2023_03_04_031508_create_awards_table', 2),
(16, '2023_04_06_045716_create_additional_portions_table', 3),
(17, '2023_04_06_051253_create_additional_portions_table', 4);

-- --------------------------------------------------------

--
-- Table structure for table `password_resets`
--

CREATE TABLE `password_resets` (
  `email` varchar(255) COLLATE utf8mb4_unicode_ci NOT NULL,
  `token` varchar(255) COLLATE utf8mb4_unicode_ci NOT NULL,
  `created_at` timestamp NULL DEFAULT NULL
) ENGINE=InnoDB DEFAULT CHARSET=utf8mb4 COLLATE=utf8mb4_unicode_ci;

-- --------------------------------------------------------

--
-- Table structure for table `personal_access_tokens`
--

CREATE TABLE `personal_access_tokens` (
  `id` bigint(20) UNSIGNED NOT NULL,
  `tokenable_type` varchar(255) COLLATE utf8mb4_unicode_ci NOT NULL,
  `tokenable_id` bigint(20) UNSIGNED NOT NULL,
  `name` varchar(255) COLLATE utf8mb4_unicode_ci NOT NULL,
  `token` varchar(64) COLLATE utf8mb4_unicode_ci NOT NULL,
  `abilities` text COLLATE utf8mb4_unicode_ci DEFAULT NULL,
  `last_used_at` timestamp NULL DEFAULT NULL,
  `expires_at` timestamp NULL DEFAULT NULL,
  `created_at` timestamp NULL DEFAULT NULL,
  `updated_at` timestamp NULL DEFAULT NULL
) ENGINE=InnoDB DEFAULT CHARSET=utf8mb4 COLLATE=utf8mb4_unicode_ci;

-- --------------------------------------------------------

--
-- Table structure for table `portions`
--

CREATE TABLE `portions` (
  `id` bigint(20) UNSIGNED NOT NULL,
  `event_id` smallint(5) UNSIGNED NOT NULL,
  `user_id` smallint(5) UNSIGNED NOT NULL,
  `title` varchar(255) COLLATE utf8mb4_unicode_ci NOT NULL,
  `numberOfCandidateToRate` int(11) NOT NULL,
  `numberOfTopCandidate` int(11) NOT NULL,
  `description` text COLLATE utf8mb4_unicode_ci DEFAULT NULL,
  `created_at` timestamp NOT NULL DEFAULT current_timestamp(),
  `updated_at` timestamp NOT NULL DEFAULT current_timestamp() ON UPDATE current_timestamp()
) ENGINE=InnoDB DEFAULT CHARSET=utf8mb4 COLLATE=utf8mb4_unicode_ci;

--
-- Dumping data for table `portions`
--

INSERT INTO `portions` (`id`, `event_id`, `user_id`, `title`, `numberOfCandidateToRate`, `numberOfTopCandidate`, `description`, `created_at`, `updated_at`) VALUES
(82, 1, 1, 'a', 0, 0, NULL, '2023-04-06 00:19:00', '2023-04-06 00:19:00'),
(83, 1, 1, 'b', 0, 0, NULL, '2023-04-06 06:06:45', '2023-04-06 06:06:45'),
(84, 2, 1, 'prod number', 0, 0, NULL, '2023-04-06 06:35:55', '2023-04-06 06:35:55'),
(85, 2, 1, 'long gown', 0, 0, NULL, '2023-04-06 06:36:00', '2023-04-06 06:36:00'),
(86, 2, 1, 'swim suit', 0, 0, NULL, '2023-04-06 06:36:11', '2023-04-06 06:36:11'),
(87, 2, 1, 'top 10', 0, 10, NULL, '2023-04-06 06:36:55', '2023-04-06 06:36:55'),
(88, 2, 1, 'q and a', 10, 0, NULL, '2023-04-06 06:37:07', '2023-04-06 06:37:07'),
(89, 2, 1, 'top 5', 0, 5, NULL, '2023-04-06 06:38:35', '2023-04-06 06:38:35'),
(90, 2, 1, 'final q and a', 5, 0, NULL, '2023-04-06 06:38:50', '2023-04-06 06:38:50'),
(94, 2, 1, 'last qa', 3, 0, NULL, '2023-04-06 07:28:40', '2023-04-06 07:28:40');

-- --------------------------------------------------------

--
-- Table structure for table `ratings`
--

CREATE TABLE `ratings` (
  `id` bigint(20) UNSIGNED NOT NULL,
  `judge_id` smallint(5) UNSIGNED NOT NULL,
  `candidate_number` smallint(5) UNSIGNED NOT NULL,
  `criteria_id` mediumint(8) UNSIGNED NOT NULL,
  `portion_id` smallint(5) UNSIGNED NOT NULL,
  `rating` double NOT NULL,
  `isSubmit` tinyint(1) NOT NULL DEFAULT 0,
  `created_at` timestamp NOT NULL DEFAULT current_timestamp(),
  `updated_at` timestamp NOT NULL DEFAULT current_timestamp() ON UPDATE current_timestamp()
) ENGINE=InnoDB DEFAULT CHARSET=utf8mb4 COLLATE=utf8mb4_unicode_ci;

--
-- Dumping data for table `ratings`
--

INSERT INTO `ratings` (`id`, `judge_id`, `candidate_number`, `criteria_id`, `portion_id`, `rating`, `isSubmit`, `created_at`, `updated_at`) VALUES
(82634, 2, 1, 165, 82, 96, 1, '2023-04-06 00:19:17', '2023-04-06 00:19:59'),
(82635, 2, 1, 166, 82, 96, 1, '2023-04-06 00:19:17', '2023-04-06 00:19:59'),
(82636, 2, 2, 165, 82, 100, 1, '2023-04-06 00:19:17', '2023-04-06 00:19:59'),
(82637, 2, 2, 166, 82, 100, 1, '2023-04-06 00:19:17', '2023-04-06 00:19:59'),
(82638, 2, 3, 165, 82, 98, 1, '2023-04-06 00:19:17', '2023-04-06 00:19:59'),
(82639, 2, 3, 166, 82, 98, 1, '2023-04-06 00:19:17', '2023-04-06 00:19:59'),
(82640, 1, 1, 165, 82, 75, 0, '2023-04-06 06:06:28', '2023-04-06 06:06:31'),
(82641, 1, 1, 166, 82, 75, 0, '2023-04-06 06:06:28', '2023-04-06 06:06:31'),
(82642, 1, 2, 165, 82, 0, 0, '2023-04-06 06:06:28', '2023-04-06 06:06:28'),
(82643, 1, 2, 166, 82, 0, 0, '2023-04-06 06:06:28', '2023-04-06 06:06:28'),
(82644, 1, 3, 165, 82, 75, 0, '2023-04-06 06:06:28', '2023-04-06 06:06:32'),
(82645, 1, 3, 166, 82, 75, 0, '2023-04-06 06:06:28', '2023-04-06 06:06:32'),
(82646, 1, 1, 167, 83, 75, 0, '2023-04-06 06:07:01', '2023-04-06 06:27:35'),
(82647, 1, 1, 168, 83, 75, 0, '2023-04-06 06:07:01', '2023-04-06 06:27:35'),
(82648, 1, 2, 167, 83, 75, 0, '2023-04-06 06:07:01', '2023-04-06 06:08:05'),
(82649, 1, 2, 168, 83, 75, 0, '2023-04-06 06:07:01', '2023-04-06 06:08:05'),
(82650, 1, 3, 167, 83, 0, 0, '2023-04-06 06:07:01', '2023-04-06 06:07:01'),
(82651, 1, 3, 168, 83, 0, 0, '2023-04-06 06:07:01', '2023-04-06 06:07:01'),
(82652, 4, 1, 169, 84, 89, 1, '2023-04-06 07:01:23', '2023-04-06 07:07:22'),
(82653, 4, 1, 170, 84, 89, 1, '2023-04-06 07:01:23', '2023-04-06 07:07:22'),
(82654, 4, 2, 169, 84, 86, 1, '2023-04-06 07:01:23', '2023-04-06 07:07:22'),
(82655, 4, 2, 170, 84, 86, 1, '2023-04-06 07:01:23', '2023-04-06 07:07:22'),
(82656, 4, 3, 169, 84, 88, 1, '2023-04-06 07:01:23', '2023-04-06 07:07:23'),
(82657, 4, 3, 170, 84, 88, 1, '2023-04-06 07:01:23', '2023-04-06 07:07:23'),
(82658, 4, 4, 169, 84, 77, 1, '2023-04-06 07:01:23', '2023-04-06 07:07:23'),
(82659, 4, 4, 170, 84, 77, 1, '2023-04-06 07:01:23', '2023-04-06 07:07:23'),
(82660, 4, 5, 169, 84, 75, 1, '2023-04-06 07:01:23', '2023-04-06 07:07:23'),
(82661, 4, 5, 170, 84, 75, 1, '2023-04-06 07:01:23', '2023-04-06 07:07:23'),
(82662, 4, 6, 169, 84, 100, 1, '2023-04-06 07:01:23', '2023-04-06 07:07:23'),
(82663, 4, 6, 170, 84, 100, 1, '2023-04-06 07:01:23', '2023-04-06 07:07:23'),
(82664, 4, 7, 169, 84, 79, 1, '2023-04-06 07:01:23', '2023-04-06 07:07:23'),
(82665, 4, 7, 170, 84, 79, 1, '2023-04-06 07:01:23', '2023-04-06 07:07:23'),
(82666, 4, 8, 169, 84, 88, 1, '2023-04-06 07:01:23', '2023-04-06 07:07:23'),
(82667, 4, 8, 170, 84, 88, 1, '2023-04-06 07:01:23', '2023-04-06 07:07:23'),
(82668, 4, 9, 169, 84, 89, 1, '2023-04-06 07:01:23', '2023-04-06 07:07:23'),
(82669, 4, 9, 170, 84, 99, 1, '2023-04-06 07:01:23', '2023-04-06 07:07:23'),
(82670, 4, 10, 169, 84, 78, 1, '2023-04-06 07:01:23', '2023-04-06 07:07:23'),
(82671, 4, 10, 170, 84, 78, 1, '2023-04-06 07:01:23', '2023-04-06 07:07:23'),
(82672, 4, 11, 169, 84, 100, 1, '2023-04-06 07:01:23', '2023-04-06 07:07:23'),
(82673, 4, 11, 170, 84, 100, 1, '2023-04-06 07:01:23', '2023-04-06 07:07:23'),
(82674, 4, 12, 169, 84, 99, 1, '2023-04-06 07:01:23', '2023-04-06 07:07:23'),
(82675, 4, 12, 170, 84, 99, 1, '2023-04-06 07:01:23', '2023-04-06 07:07:23'),
(82676, 4, 13, 169, 84, 89, 1, '2023-04-06 07:01:23', '2023-04-06 07:07:23'),
(82677, 4, 13, 170, 84, 89, 1, '2023-04-06 07:01:23', '2023-04-06 07:07:23'),
(82678, 4, 1, 171, 85, 86, 1, '2023-04-06 07:01:23', '2023-04-06 07:09:04'),
(82679, 4, 1, 172, 85, 86, 1, '2023-04-06 07:01:23', '2023-04-06 07:09:04'),
(82680, 4, 2, 171, 85, 99, 1, '2023-04-06 07:01:23', '2023-04-06 07:09:04'),
(82681, 4, 2, 172, 85, 99, 1, '2023-04-06 07:01:23', '2023-04-06 07:09:04'),
(82682, 4, 3, 171, 85, 78, 1, '2023-04-06 07:01:23', '2023-04-06 07:09:04'),
(82683, 4, 3, 172, 85, 78, 1, '2023-04-06 07:01:23', '2023-04-06 07:09:04'),
(82684, 4, 4, 171, 85, 85, 1, '2023-04-06 07:01:23', '2023-04-06 07:09:04'),
(82685, 4, 4, 172, 85, 85, 1, '2023-04-06 07:01:23', '2023-04-06 07:09:04'),
(82686, 4, 5, 171, 85, 86, 1, '2023-04-06 07:01:23', '2023-04-06 07:09:04'),
(82687, 4, 5, 172, 85, 86, 1, '2023-04-06 07:01:23', '2023-04-06 07:09:04'),
(82688, 4, 6, 171, 85, 78, 1, '2023-04-06 07:01:23', '2023-04-06 07:09:04'),
(82689, 4, 6, 172, 85, 78, 1, '2023-04-06 07:01:23', '2023-04-06 07:09:04'),
(82690, 4, 7, 171, 85, 75, 1, '2023-04-06 07:01:23', '2023-04-06 07:09:04'),
(82691, 4, 7, 172, 85, 75, 1, '2023-04-06 07:01:23', '2023-04-06 07:09:04'),
(82692, 4, 8, 171, 85, 85, 1, '2023-04-06 07:01:23', '2023-04-06 07:09:04'),
(82693, 4, 8, 172, 85, 85, 1, '2023-04-06 07:01:23', '2023-04-06 07:09:04'),
(82694, 4, 9, 171, 85, 100, 1, '2023-04-06 07:01:23', '2023-04-06 07:09:04'),
(82695, 4, 9, 172, 85, 100, 1, '2023-04-06 07:01:23', '2023-04-06 07:09:04'),
(82696, 4, 10, 171, 85, 78, 1, '2023-04-06 07:01:23', '2023-04-06 07:09:04'),
(82697, 4, 10, 172, 85, 78, 1, '2023-04-06 07:01:23', '2023-04-06 07:09:04'),
(82698, 4, 11, 171, 85, 77, 1, '2023-04-06 07:01:23', '2023-04-06 07:09:04'),
(82699, 4, 11, 172, 85, 77, 1, '2023-04-06 07:01:23', '2023-04-06 07:09:04'),
(82700, 4, 12, 171, 85, 89, 1, '2023-04-06 07:01:23', '2023-04-06 07:09:04'),
(82701, 4, 12, 172, 85, 89, 1, '2023-04-06 07:01:23', '2023-04-06 07:09:04'),
(82702, 4, 13, 171, 85, 86, 1, '2023-04-06 07:01:23', '2023-04-06 07:09:04'),
(82703, 4, 13, 172, 85, 86, 1, '2023-04-06 07:01:23', '2023-04-06 07:09:04'),
(82704, 4, 1, 173, 86, 75, 1, '2023-04-06 07:01:23', '2023-04-06 07:10:50'),
(82705, 4, 1, 174, 86, 75, 1, '2023-04-06 07:01:23', '2023-04-06 07:10:50'),
(82706, 4, 2, 173, 86, 75, 1, '2023-04-06 07:01:23', '2023-04-06 07:10:50'),
(82707, 4, 2, 174, 86, 75, 1, '2023-04-06 07:01:23', '2023-04-06 07:10:50'),
(82708, 4, 3, 173, 86, 75, 1, '2023-04-06 07:01:23', '2023-04-06 07:10:50'),
(82709, 4, 3, 174, 86, 75, 1, '2023-04-06 07:01:23', '2023-04-06 07:10:50'),
(82710, 4, 4, 173, 86, 75, 1, '2023-04-06 07:01:23', '2023-04-06 07:10:50'),
(82711, 4, 4, 174, 86, 75, 1, '2023-04-06 07:01:23', '2023-04-06 07:10:50'),
(82712, 4, 5, 173, 86, 75, 1, '2023-04-06 07:01:23', '2023-04-06 07:10:50'),
(82713, 4, 5, 174, 86, 75, 1, '2023-04-06 07:01:23', '2023-04-06 07:10:50'),
(82714, 4, 6, 173, 86, 75, 1, '2023-04-06 07:01:23', '2023-04-06 07:10:50'),
(82715, 4, 6, 174, 86, 75, 1, '2023-04-06 07:01:23', '2023-04-06 07:10:50'),
(82716, 4, 7, 173, 86, 75, 1, '2023-04-06 07:01:23', '2023-04-06 07:10:50'),
(82717, 4, 7, 174, 86, 75, 1, '2023-04-06 07:01:23', '2023-04-06 07:10:50'),
(82718, 4, 8, 173, 86, 75, 1, '2023-04-06 07:01:23', '2023-04-06 07:10:50'),
(82719, 4, 8, 174, 86, 75, 1, '2023-04-06 07:01:23', '2023-04-06 07:10:50'),
(82720, 4, 9, 173, 86, 75, 1, '2023-04-06 07:01:23', '2023-04-06 07:10:50'),
(82721, 4, 9, 174, 86, 75, 1, '2023-04-06 07:01:23', '2023-04-06 07:10:50'),
(82722, 4, 10, 173, 86, 75, 1, '2023-04-06 07:01:23', '2023-04-06 07:10:50'),
(82723, 4, 10, 174, 86, 75, 1, '2023-04-06 07:01:23', '2023-04-06 07:10:50'),
(82724, 4, 11, 173, 86, 75, 1, '2023-04-06 07:01:23', '2023-04-06 07:10:50'),
(82725, 4, 11, 174, 86, 75, 1, '2023-04-06 07:01:23', '2023-04-06 07:10:50'),
(82726, 4, 12, 173, 86, 75, 1, '2023-04-06 07:01:23', '2023-04-06 07:10:50'),
(82727, 4, 12, 174, 86, 75, 1, '2023-04-06 07:01:23', '2023-04-06 07:10:50'),
(82728, 4, 13, 173, 86, 75, 1, '2023-04-06 07:01:23', '2023-04-06 07:10:50'),
(82729, 4, 13, 174, 86, 75, 1, '2023-04-06 07:01:23', '2023-04-06 07:10:50'),
(82730, 4, 1, 177, 87, 89, 0, '2023-04-06 07:01:23', '2023-04-06 07:01:55'),
(82731, 4, 1, 178, 87, 86, 0, '2023-04-06 07:01:23', '2023-04-06 07:08:48'),
(82732, 4, 1, 179, 87, 75, 0, '2023-04-06 07:01:23', '2023-04-06 07:10:40'),
(82733, 4, 2, 177, 87, 86, 0, '2023-04-06 07:01:23', '2023-04-06 07:01:56'),
(82734, 4, 2, 178, 87, 99, 0, '2023-04-06 07:01:23', '2023-04-06 07:08:50'),
(82735, 4, 2, 179, 87, 75, 0, '2023-04-06 07:01:23', '2023-04-06 07:10:41'),
(82736, 4, 3, 177, 87, 88, 0, '2023-04-06 07:01:23', '2023-04-06 07:01:57'),
(82737, 4, 3, 178, 87, 78, 0, '2023-04-06 07:01:23', '2023-04-06 07:08:51'),
(82738, 4, 3, 179, 87, 75, 0, '2023-04-06 07:01:23', '2023-04-06 07:10:41'),
(82739, 4, 4, 177, 87, 77, 0, '2023-04-06 07:01:23', '2023-04-06 07:01:58'),
(82740, 4, 4, 178, 87, 85, 0, '2023-04-06 07:01:23', '2023-04-06 07:08:52'),
(82741, 4, 4, 179, 87, 75, 0, '2023-04-06 07:01:23', '2023-04-06 07:10:41'),
(82742, 4, 5, 177, 87, 75, 0, '2023-04-06 07:01:23', '2023-04-06 07:02:00'),
(82743, 4, 5, 178, 87, 86, 0, '2023-04-06 07:01:23', '2023-04-06 07:08:54'),
(82744, 4, 5, 179, 87, 75, 0, '2023-04-06 07:01:23', '2023-04-06 07:10:41'),
(82745, 4, 6, 177, 87, 100, 0, '2023-04-06 07:01:23', '2023-04-06 07:02:02'),
(82746, 4, 6, 178, 87, 78, 0, '2023-04-06 07:01:23', '2023-04-06 07:08:55'),
(82747, 4, 6, 179, 87, 75, 0, '2023-04-06 07:01:23', '2023-04-06 07:10:44'),
(82748, 4, 7, 177, 87, 79, 0, '2023-04-06 07:01:23', '2023-04-06 07:02:04'),
(82749, 4, 7, 178, 87, 75, 0, '2023-04-06 07:01:23', '2023-04-06 07:08:56'),
(82750, 4, 7, 179, 87, 75, 0, '2023-04-06 07:01:23', '2023-04-06 07:10:45'),
(82751, 4, 8, 177, 87, 88, 0, '2023-04-06 07:01:23', '2023-04-06 07:02:05'),
(82752, 4, 8, 178, 87, 85, 0, '2023-04-06 07:01:23', '2023-04-06 07:08:58'),
(82753, 4, 8, 179, 87, 75, 0, '2023-04-06 07:01:23', '2023-04-06 07:10:46'),
(82754, 4, 9, 177, 87, 93, 0, '2023-04-06 07:01:23', '2023-04-06 07:02:14'),
(82755, 4, 9, 178, 87, 100, 0, '2023-04-06 07:01:23', '2023-04-06 07:08:59'),
(82756, 4, 9, 179, 87, 75, 0, '2023-04-06 07:01:23', '2023-04-06 07:10:46'),
(82757, 4, 10, 177, 87, 78, 0, '2023-04-06 07:01:23', '2023-04-06 07:02:18'),
(82758, 4, 10, 178, 87, 78, 0, '2023-04-06 07:01:23', '2023-04-06 07:09:01'),
(82759, 4, 10, 179, 87, 75, 0, '2023-04-06 07:01:23', '2023-04-06 07:10:48'),
(82760, 4, 11, 177, 87, 100, 0, '2023-04-06 07:01:23', '2023-04-06 07:02:19'),
(82761, 4, 11, 178, 87, 77, 0, '2023-04-06 07:01:23', '2023-04-06 07:09:02'),
(82762, 4, 11, 179, 87, 75, 0, '2023-04-06 07:01:23', '2023-04-06 07:10:48'),
(82763, 4, 12, 177, 87, 99, 0, '2023-04-06 07:01:23', '2023-04-06 07:02:21'),
(82764, 4, 12, 178, 87, 89, 0, '2023-04-06 07:01:23', '2023-04-06 07:09:03'),
(82765, 4, 12, 179, 87, 75, 0, '2023-04-06 07:01:23', '2023-04-06 07:10:49'),
(82766, 4, 13, 177, 87, 89, 0, '2023-04-06 07:01:23', '2023-04-06 07:02:23'),
(82767, 4, 13, 178, 87, 86, 0, '2023-04-06 07:01:23', '2023-04-06 07:09:03'),
(82768, 4, 13, 179, 87, 75, 0, '2023-04-06 07:01:23', '2023-04-06 07:10:49'),
(82769, 4, 1, 180, 88, 86, 1, '2023-04-06 07:01:23', '2023-04-06 07:16:38'),
(82770, 4, 1, 181, 88, 86, 1, '2023-04-06 07:01:23', '2023-04-06 07:16:38'),
(82771, 4, 2, 180, 88, 99, 1, '2023-04-06 07:01:23', '2023-04-06 07:16:38'),
(82772, 4, 2, 181, 88, 99, 1, '2023-04-06 07:01:23', '2023-04-06 07:16:38'),
(82773, 4, 3, 180, 88, 76, 1, '2023-04-06 07:01:23', '2023-04-06 07:16:38'),
(82774, 4, 3, 181, 88, 76, 1, '2023-04-06 07:01:23', '2023-04-06 07:16:38'),
(82775, 4, 5, 180, 88, 100, 1, '2023-04-06 07:01:23', '2023-04-06 07:16:38'),
(82776, 4, 5, 181, 88, 100, 1, '2023-04-06 07:01:23', '2023-04-06 07:16:38'),
(82777, 4, 6, 180, 88, 86, 1, '2023-04-06 07:01:23', '2023-04-06 07:16:38'),
(82778, 4, 6, 181, 88, 86, 1, '2023-04-06 07:01:23', '2023-04-06 07:16:38'),
(82779, 4, 8, 180, 88, 78, 1, '2023-04-06 07:01:23', '2023-04-06 07:16:38'),
(82780, 4, 8, 181, 88, 78, 1, '2023-04-06 07:01:23', '2023-04-06 07:16:38'),
(82781, 4, 9, 180, 88, 100, 1, '2023-04-06 07:01:23', '2023-04-06 07:16:38'),
(82782, 4, 9, 181, 88, 100, 1, '2023-04-06 07:01:23', '2023-04-06 07:16:38'),
(82783, 4, 11, 180, 88, 76, 1, '2023-04-06 07:01:23', '2023-04-06 07:16:38'),
(82784, 4, 11, 181, 88, 76, 1, '2023-04-06 07:01:23', '2023-04-06 07:16:38'),
(82785, 4, 12, 180, 88, 78, 1, '2023-04-06 07:01:23', '2023-04-06 07:16:38'),
(82786, 4, 12, 181, 88, 78, 1, '2023-04-06 07:01:23', '2023-04-06 07:16:38'),
(82787, 4, 13, 180, 88, 99, 1, '2023-04-06 07:01:23', '2023-04-06 07:16:38'),
(82788, 4, 13, 181, 88, 99, 1, '2023-04-06 07:01:23', '2023-04-06 07:16:38'),
(82789, 4, 1, 182, 89, 86, 0, '2023-04-06 07:01:23', '2023-04-06 07:14:49'),
(82790, 4, 2, 182, 89, 99, 0, '2023-04-06 07:01:23', '2023-04-06 07:14:50'),
(82791, 4, 3, 182, 89, 76, 0, '2023-04-06 07:01:23', '2023-04-06 07:14:52'),
(82792, 4, 4, 182, 89, 0, 0, '2023-04-06 07:01:23', '2023-04-06 07:01:23'),
(82793, 4, 5, 182, 89, 100, 0, '2023-04-06 07:01:23', '2023-04-06 07:14:53'),
(82794, 4, 6, 182, 89, 86, 0, '2023-04-06 07:01:23', '2023-04-06 07:14:54'),
(82795, 4, 7, 182, 89, 0, 0, '2023-04-06 07:01:23', '2023-04-06 07:01:23'),
(82796, 4, 8, 182, 89, 78, 0, '2023-04-06 07:01:23', '2023-04-06 07:14:56'),
(82797, 4, 9, 182, 89, 100, 0, '2023-04-06 07:01:23', '2023-04-06 07:14:56'),
(82798, 4, 10, 182, 89, 0, 0, '2023-04-06 07:01:23', '2023-04-06 07:01:23'),
(82799, 4, 11, 182, 89, 76, 0, '2023-04-06 07:01:23', '2023-04-06 07:14:59'),
(82800, 4, 12, 182, 89, 78, 0, '2023-04-06 07:01:23', '2023-04-06 07:14:59'),
(82801, 4, 13, 182, 89, 99, 0, '2023-04-06 07:01:23', '2023-04-06 07:16:33'),
(82802, 4, 2, 183, 90, 77, 1, '2023-04-06 07:01:23', '2023-04-06 07:18:41'),
(82803, 4, 2, 184, 90, 77, 1, '2023-04-06 07:01:23', '2023-04-06 07:18:41'),
(82804, 4, 5, 183, 90, 89, 1, '2023-04-06 07:01:23', '2023-04-06 07:18:41'),
(82805, 4, 5, 184, 90, 89, 1, '2023-04-06 07:01:23', '2023-04-06 07:18:41'),
(82806, 4, 6, 183, 90, 90, 1, '2023-04-06 07:01:23', '2023-04-06 07:18:41'),
(82807, 4, 6, 184, 90, 90, 1, '2023-04-06 07:01:23', '2023-04-06 07:18:41'),
(82808, 4, 9, 183, 90, 86, 1, '2023-04-06 07:01:23', '2023-04-06 07:18:41'),
(82809, 4, 9, 184, 90, 86, 1, '2023-04-06 07:01:23', '2023-04-06 07:18:41'),
(82810, 4, 13, 183, 90, 86, 1, '2023-04-06 07:01:23', '2023-04-06 07:18:41'),
(82811, 4, 13, 184, 90, 86, 1, '2023-04-06 07:01:23', '2023-04-06 07:18:41'),
(82812, 5, 1, 169, 84, 89, 1, '2023-04-06 07:05:52', '2023-04-06 07:07:24'),
(82813, 5, 1, 170, 84, 89, 1, '2023-04-06 07:05:52', '2023-04-06 07:07:24'),
(82814, 5, 2, 169, 84, 77, 1, '2023-04-06 07:05:52', '2023-04-06 07:07:24'),
(82815, 5, 2, 170, 84, 77, 1, '2023-04-06 07:05:52', '2023-04-06 07:07:24'),
(82816, 5, 3, 169, 84, 75, 1, '2023-04-06 07:05:52', '2023-04-06 07:07:24'),
(82817, 5, 3, 170, 84, 75, 1, '2023-04-06 07:05:52', '2023-04-06 07:07:24'),
(82818, 5, 4, 169, 84, 79, 1, '2023-04-06 07:05:52', '2023-04-06 07:07:24'),
(82819, 5, 4, 170, 84, 79, 1, '2023-04-06 07:05:52', '2023-04-06 07:07:24'),
(82820, 5, 5, 169, 84, 100, 1, '2023-04-06 07:05:52', '2023-04-06 07:07:24'),
(82821, 5, 5, 170, 84, 100, 1, '2023-04-06 07:05:52', '2023-04-06 07:07:24'),
(82822, 5, 6, 169, 84, 96, 1, '2023-04-06 07:05:52', '2023-04-06 07:07:24'),
(82823, 5, 6, 170, 84, 96, 1, '2023-04-06 07:05:52', '2023-04-06 07:07:24'),
(82824, 5, 7, 169, 84, 78, 1, '2023-04-06 07:05:52', '2023-04-06 07:07:24'),
(82825, 5, 7, 170, 84, 78, 1, '2023-04-06 07:05:52', '2023-04-06 07:07:24'),
(82826, 5, 8, 169, 84, 88, 1, '2023-04-06 07:05:52', '2023-04-06 07:07:24'),
(82827, 5, 8, 170, 84, 88, 1, '2023-04-06 07:05:52', '2023-04-06 07:07:24'),
(82828, 5, 9, 169, 84, 75, 1, '2023-04-06 07:05:52', '2023-04-06 07:07:24'),
(82829, 5, 9, 170, 84, 75, 1, '2023-04-06 07:05:52', '2023-04-06 07:07:24'),
(82830, 5, 10, 169, 84, 86, 1, '2023-04-06 07:05:52', '2023-04-06 07:07:24'),
(82831, 5, 10, 170, 84, 86, 1, '2023-04-06 07:05:52', '2023-04-06 07:07:24'),
(82832, 5, 11, 169, 84, 88, 1, '2023-04-06 07:05:52', '2023-04-06 07:07:24'),
(82833, 5, 11, 170, 84, 88, 1, '2023-04-06 07:05:52', '2023-04-06 07:07:24'),
(82834, 5, 12, 169, 84, 99, 1, '2023-04-06 07:05:52', '2023-04-06 07:07:24'),
(82835, 5, 12, 170, 84, 99, 1, '2023-04-06 07:05:52', '2023-04-06 07:07:24'),
(82836, 5, 13, 169, 84, 88, 1, '2023-04-06 07:05:52', '2023-04-06 07:07:24'),
(82837, 5, 13, 170, 84, 88, 1, '2023-04-06 07:05:52', '2023-04-06 07:07:24'),
(82838, 5, 1, 171, 85, 78, 1, '2023-04-06 07:05:52', '2023-04-06 07:10:18'),
(82839, 5, 1, 172, 85, 78, 1, '2023-04-06 07:05:52', '2023-04-06 07:10:18'),
(82840, 5, 2, 171, 85, 78, 1, '2023-04-06 07:05:52', '2023-04-06 07:10:18'),
(82841, 5, 2, 172, 85, 78, 1, '2023-04-06 07:05:52', '2023-04-06 07:10:18'),
(82842, 5, 3, 171, 85, 78, 1, '2023-04-06 07:05:52', '2023-04-06 07:10:18'),
(82843, 5, 3, 172, 85, 78, 1, '2023-04-06 07:05:52', '2023-04-06 07:10:18'),
(82844, 5, 4, 171, 85, 78, 1, '2023-04-06 07:05:52', '2023-04-06 07:10:18'),
(82845, 5, 4, 172, 85, 78, 1, '2023-04-06 07:05:52', '2023-04-06 07:10:18'),
(82846, 5, 5, 171, 85, 78, 1, '2023-04-06 07:05:52', '2023-04-06 07:10:18'),
(82847, 5, 5, 172, 85, 78, 1, '2023-04-06 07:05:52', '2023-04-06 07:10:18'),
(82848, 5, 6, 171, 85, 78, 1, '2023-04-06 07:05:52', '2023-04-06 07:10:18'),
(82849, 5, 6, 172, 85, 78, 1, '2023-04-06 07:05:52', '2023-04-06 07:10:18'),
(82850, 5, 7, 171, 85, 78, 1, '2023-04-06 07:05:52', '2023-04-06 07:10:18'),
(82851, 5, 7, 172, 85, 78, 1, '2023-04-06 07:05:52', '2023-04-06 07:10:18'),
(82852, 5, 8, 171, 85, 78, 1, '2023-04-06 07:05:52', '2023-04-06 07:10:18'),
(82853, 5, 8, 172, 85, 78, 1, '2023-04-06 07:05:52', '2023-04-06 07:10:18'),
(82854, 5, 9, 171, 85, 78, 1, '2023-04-06 07:05:52', '2023-04-06 07:10:18'),
(82855, 5, 9, 172, 85, 78, 1, '2023-04-06 07:05:52', '2023-04-06 07:10:18'),
(82856, 5, 10, 171, 85, 78, 1, '2023-04-06 07:05:52', '2023-04-06 07:10:18'),
(82857, 5, 10, 172, 85, 78, 1, '2023-04-06 07:05:52', '2023-04-06 07:10:18'),
(82858, 5, 11, 171, 85, 78, 1, '2023-04-06 07:05:52', '2023-04-06 07:10:18'),
(82859, 5, 11, 172, 85, 78, 1, '2023-04-06 07:05:52', '2023-04-06 07:10:18'),
(82860, 5, 12, 171, 85, 78, 1, '2023-04-06 07:05:52', '2023-04-06 07:10:18'),
(82861, 5, 12, 172, 85, 78, 1, '2023-04-06 07:05:52', '2023-04-06 07:10:18'),
(82862, 5, 13, 171, 85, 78, 1, '2023-04-06 07:05:52', '2023-04-06 07:10:18'),
(82863, 5, 13, 172, 85, 78, 1, '2023-04-06 07:05:52', '2023-04-06 07:10:18'),
(82864, 5, 1, 173, 86, 75, 1, '2023-04-06 07:05:52', '2023-04-06 07:11:20'),
(82865, 5, 1, 174, 86, 75, 1, '2023-04-06 07:05:52', '2023-04-06 07:11:20'),
(82866, 5, 2, 173, 86, 75, 1, '2023-04-06 07:05:52', '2023-04-06 07:11:20'),
(82867, 5, 2, 174, 86, 75, 1, '2023-04-06 07:05:52', '2023-04-06 07:11:20'),
(82868, 5, 3, 173, 86, 75, 1, '2023-04-06 07:05:52', '2023-04-06 07:11:20'),
(82869, 5, 3, 174, 86, 75, 1, '2023-04-06 07:05:52', '2023-04-06 07:11:20'),
(82870, 5, 4, 173, 86, 75, 1, '2023-04-06 07:05:52', '2023-04-06 07:11:20'),
(82871, 5, 4, 174, 86, 75, 1, '2023-04-06 07:05:52', '2023-04-06 07:11:20'),
(82872, 5, 5, 173, 86, 75, 1, '2023-04-06 07:05:52', '2023-04-06 07:11:20'),
(82873, 5, 5, 174, 86, 75, 1, '2023-04-06 07:05:52', '2023-04-06 07:11:20'),
(82874, 5, 6, 173, 86, 75, 1, '2023-04-06 07:05:52', '2023-04-06 07:11:20'),
(82875, 5, 6, 174, 86, 75, 1, '2023-04-06 07:05:52', '2023-04-06 07:11:20'),
(82876, 5, 7, 173, 86, 75, 1, '2023-04-06 07:05:52', '2023-04-06 07:11:20'),
(82877, 5, 7, 174, 86, 75, 1, '2023-04-06 07:05:52', '2023-04-06 07:11:20'),
(82878, 5, 8, 173, 86, 75, 1, '2023-04-06 07:05:52', '2023-04-06 07:11:20'),
(82879, 5, 8, 174, 86, 75, 1, '2023-04-06 07:05:52', '2023-04-06 07:11:20'),
(82880, 5, 9, 173, 86, 75, 1, '2023-04-06 07:05:52', '2023-04-06 07:11:20'),
(82881, 5, 9, 174, 86, 75, 1, '2023-04-06 07:05:52', '2023-04-06 07:11:20'),
(82882, 5, 10, 173, 86, 75, 1, '2023-04-06 07:05:52', '2023-04-06 07:11:20'),
(82883, 5, 10, 174, 86, 75, 1, '2023-04-06 07:05:52', '2023-04-06 07:11:20'),
(82884, 5, 11, 173, 86, 75, 1, '2023-04-06 07:05:52', '2023-04-06 07:11:20'),
(82885, 5, 11, 174, 86, 75, 1, '2023-04-06 07:05:52', '2023-04-06 07:11:20'),
(82886, 5, 12, 173, 86, 75, 1, '2023-04-06 07:05:52', '2023-04-06 07:11:20'),
(82887, 5, 12, 174, 86, 75, 1, '2023-04-06 07:05:52', '2023-04-06 07:11:20'),
(82888, 5, 13, 173, 86, 75, 1, '2023-04-06 07:05:52', '2023-04-06 07:11:20'),
(82889, 5, 13, 174, 86, 75, 1, '2023-04-06 07:05:52', '2023-04-06 07:11:20'),
(82890, 5, 1, 177, 87, 89, 0, '2023-04-06 07:05:52', '2023-04-06 07:06:16'),
(82891, 5, 1, 178, 87, 78, 0, '2023-04-06 07:05:52', '2023-04-06 07:09:39'),
(82892, 5, 1, 179, 87, 75, 0, '2023-04-06 07:05:52', '2023-04-06 07:11:13'),
(82893, 5, 2, 177, 87, 77, 0, '2023-04-06 07:05:52', '2023-04-06 07:06:19'),
(82894, 5, 2, 178, 87, 78, 0, '2023-04-06 07:05:52', '2023-04-06 07:09:39'),
(82895, 5, 2, 179, 87, 75, 0, '2023-04-06 07:05:52', '2023-04-06 07:11:13'),
(82896, 5, 3, 177, 87, 75, 0, '2023-04-06 07:05:52', '2023-04-06 07:06:20'),
(82897, 5, 3, 178, 87, 78, 0, '2023-04-06 07:05:52', '2023-04-06 07:09:39'),
(82898, 5, 3, 179, 87, 75, 0, '2023-04-06 07:05:52', '2023-04-06 07:11:13'),
(82899, 5, 4, 177, 87, 79, 0, '2023-04-06 07:05:52', '2023-04-06 07:06:22'),
(82900, 5, 4, 178, 87, 78, 0, '2023-04-06 07:05:52', '2023-04-06 07:09:42'),
(82901, 5, 4, 179, 87, 75, 0, '2023-04-06 07:05:52', '2023-04-06 07:11:11'),
(82902, 5, 5, 177, 87, 100, 0, '2023-04-06 07:05:52', '2023-04-06 07:06:23'),
(82903, 5, 5, 178, 87, 78, 0, '2023-04-06 07:05:52', '2023-04-06 07:09:43'),
(82904, 5, 5, 179, 87, 75, 0, '2023-04-06 07:05:52', '2023-04-06 07:11:15'),
(82905, 5, 6, 177, 87, 96, 0, '2023-04-06 07:05:52', '2023-04-06 07:06:24'),
(82906, 5, 6, 178, 87, 78, 0, '2023-04-06 07:05:52', '2023-04-06 07:09:43'),
(82907, 5, 6, 179, 87, 75, 0, '2023-04-06 07:05:52', '2023-04-06 07:11:16'),
(82908, 5, 7, 177, 87, 78, 0, '2023-04-06 07:05:52', '2023-04-06 07:06:25'),
(82909, 5, 7, 178, 87, 78, 0, '2023-04-06 07:05:52', '2023-04-06 07:09:45'),
(82910, 5, 7, 179, 87, 75, 0, '2023-04-06 07:05:52', '2023-04-06 07:11:16'),
(82911, 5, 8, 177, 87, 88, 0, '2023-04-06 07:05:52', '2023-04-06 07:06:25'),
(82912, 5, 8, 178, 87, 78, 0, '2023-04-06 07:05:52', '2023-04-06 07:09:46'),
(82913, 5, 8, 179, 87, 75, 0, '2023-04-06 07:05:52', '2023-04-06 07:11:18'),
(82914, 5, 9, 177, 87, 75, 0, '2023-04-06 07:05:52', '2023-04-06 07:06:27'),
(82915, 5, 9, 178, 87, 78, 0, '2023-04-06 07:05:52', '2023-04-06 07:09:46'),
(82916, 5, 9, 179, 87, 75, 0, '2023-04-06 07:05:52', '2023-04-06 07:11:18'),
(82917, 5, 10, 177, 87, 86, 0, '2023-04-06 07:05:52', '2023-04-06 07:06:29'),
(82918, 5, 10, 178, 87, 78, 0, '2023-04-06 07:05:52', '2023-04-06 07:09:47'),
(82919, 5, 10, 179, 87, 75, 0, '2023-04-06 07:05:52', '2023-04-06 07:11:18'),
(82920, 5, 11, 177, 87, 88, 0, '2023-04-06 07:05:52', '2023-04-06 07:06:29'),
(82921, 5, 11, 178, 87, 78, 0, '2023-04-06 07:05:52', '2023-04-06 07:09:47'),
(82922, 5, 11, 179, 87, 75, 0, '2023-04-06 07:05:52', '2023-04-06 07:11:18'),
(82923, 5, 12, 177, 87, 99, 0, '2023-04-06 07:05:52', '2023-04-06 07:06:31'),
(82924, 5, 12, 178, 87, 78, 0, '2023-04-06 07:05:52', '2023-04-06 07:09:48'),
(82925, 5, 12, 179, 87, 75, 0, '2023-04-06 07:05:52', '2023-04-06 07:11:18'),
(82926, 5, 13, 177, 87, 88, 0, '2023-04-06 07:05:52', '2023-04-06 07:06:33'),
(82927, 5, 13, 178, 87, 78, 0, '2023-04-06 07:05:52', '2023-04-06 07:10:12'),
(82928, 5, 13, 179, 87, 75, 0, '2023-04-06 07:05:52', '2023-04-06 07:11:18'),
(82929, 5, 1, 180, 88, 76, 1, '2023-04-06 07:05:52', '2023-04-06 07:15:58'),
(82930, 5, 1, 181, 88, 76, 1, '2023-04-06 07:05:52', '2023-04-06 07:15:58'),
(82931, 5, 2, 180, 88, 99, 1, '2023-04-06 07:05:52', '2023-04-06 07:15:58'),
(82932, 5, 2, 181, 88, 99, 1, '2023-04-06 07:05:52', '2023-04-06 07:15:58'),
(82933, 5, 3, 180, 88, 88, 1, '2023-04-06 07:05:52', '2023-04-06 07:15:58'),
(82934, 5, 3, 181, 88, 88, 1, '2023-04-06 07:05:52', '2023-04-06 07:15:58'),
(82935, 5, 5, 180, 88, 100, 1, '2023-04-06 07:05:52', '2023-04-06 07:15:58'),
(82936, 5, 5, 181, 88, 100, 1, '2023-04-06 07:05:52', '2023-04-06 07:15:58'),
(82937, 5, 6, 180, 88, 99, 1, '2023-04-06 07:05:52', '2023-04-06 07:15:58'),
(82938, 5, 6, 181, 88, 99, 1, '2023-04-06 07:05:52', '2023-04-06 07:15:58'),
(82939, 5, 8, 180, 88, 78, 1, '2023-04-06 07:05:52', '2023-04-06 07:15:58'),
(82940, 5, 8, 181, 88, 78, 1, '2023-04-06 07:05:52', '2023-04-06 07:15:58'),
(82941, 5, 9, 180, 88, 87, 1, '2023-04-06 07:05:52', '2023-04-06 07:15:58'),
(82942, 5, 9, 181, 88, 87, 1, '2023-04-06 07:05:52', '2023-04-06 07:15:58'),
(82943, 5, 11, 180, 88, 86, 1, '2023-04-06 07:05:52', '2023-04-06 07:15:58'),
(82944, 5, 11, 181, 88, 86, 1, '2023-04-06 07:05:52', '2023-04-06 07:15:58'),
(82945, 5, 12, 180, 88, 75, 1, '2023-04-06 07:05:52', '2023-04-06 07:15:58'),
(82946, 5, 12, 181, 88, 75, 1, '2023-04-06 07:05:52', '2023-04-06 07:15:58'),
(82947, 5, 13, 180, 88, 78, 1, '2023-04-06 07:05:52', '2023-04-06 07:15:58'),
(82948, 5, 13, 181, 88, 78, 1, '2023-04-06 07:05:52', '2023-04-06 07:15:58'),
(82949, 5, 1, 182, 89, 76, 0, '2023-04-06 07:05:52', '2023-04-06 07:15:15'),
(82950, 5, 2, 182, 89, 99, 0, '2023-04-06 07:05:52', '2023-04-06 07:15:16'),
(82951, 5, 3, 182, 89, 88, 0, '2023-04-06 07:05:52', '2023-04-06 07:15:18'),
(82952, 5, 4, 182, 89, 0, 0, '2023-04-06 07:05:52', '2023-04-06 07:05:52'),
(82953, 5, 5, 182, 89, 100, 0, '2023-04-06 07:05:52', '2023-04-06 07:15:19'),
(82954, 5, 6, 182, 89, 99, 0, '2023-04-06 07:05:52', '2023-04-06 07:15:20'),
(82955, 5, 7, 182, 89, 0, 0, '2023-04-06 07:05:52', '2023-04-06 07:05:52'),
(82956, 5, 8, 182, 89, 78, 0, '2023-04-06 07:05:52', '2023-04-06 07:15:22'),
(82957, 5, 9, 182, 89, 87, 0, '2023-04-06 07:05:52', '2023-04-06 07:15:23'),
(82958, 5, 10, 182, 89, 0, 0, '2023-04-06 07:05:52', '2023-04-06 07:05:52'),
(82959, 5, 11, 182, 89, 86, 0, '2023-04-06 07:05:52', '2023-04-06 07:15:24'),
(82960, 5, 12, 182, 89, 75, 0, '2023-04-06 07:05:52', '2023-04-06 07:15:24'),
(82961, 5, 13, 182, 89, 78, 0, '2023-04-06 07:05:52', '2023-04-06 07:15:54'),
(82962, 5, 2, 183, 90, 86, 1, '2023-04-06 07:05:52', '2023-04-06 07:19:28'),
(82963, 5, 2, 184, 90, 86, 1, '2023-04-06 07:05:52', '2023-04-06 07:19:28'),
(82964, 5, 5, 183, 90, 78, 1, '2023-04-06 07:05:52', '2023-04-06 07:19:28'),
(82965, 5, 5, 184, 90, 78, 1, '2023-04-06 07:05:52', '2023-04-06 07:19:28'),
(82966, 5, 6, 183, 90, 100, 1, '2023-04-06 07:05:52', '2023-04-06 07:19:28'),
(82967, 5, 6, 184, 90, 100, 1, '2023-04-06 07:05:52', '2023-04-06 07:19:28'),
(82968, 5, 9, 183, 90, 100, 1, '2023-04-06 07:05:52', '2023-04-06 07:19:28'),
(82969, 5, 9, 184, 90, 100, 1, '2023-04-06 07:05:52', '2023-04-06 07:19:28'),
(82970, 5, 13, 183, 90, 99, 1, '2023-04-06 07:05:52', '2023-04-06 07:19:28'),
(82971, 5, 13, 184, 90, 99, 1, '2023-04-06 07:05:52', '2023-04-06 07:19:28'),
(82972, 6, 1, 169, 84, 78, 1, '2023-04-06 07:06:06', '2023-04-06 07:07:21'),
(82973, 6, 1, 170, 84, 78, 1, '2023-04-06 07:06:06', '2023-04-06 07:07:21'),
(82974, 6, 2, 169, 84, 88, 1, '2023-04-06 07:06:06', '2023-04-06 07:07:21'),
(82975, 6, 2, 170, 84, 88, 1, '2023-04-06 07:06:06', '2023-04-06 07:07:21'),
(82976, 6, 3, 169, 84, 99, 1, '2023-04-06 07:06:06', '2023-04-06 07:07:21'),
(82977, 6, 3, 170, 84, 99, 1, '2023-04-06 07:06:06', '2023-04-06 07:07:21'),
(82978, 6, 4, 169, 84, 78, 1, '2023-04-06 07:06:06', '2023-04-06 07:07:21'),
(82979, 6, 4, 170, 84, 78, 1, '2023-04-06 07:06:06', '2023-04-06 07:07:21'),
(82980, 6, 5, 169, 84, 89, 1, '2023-04-06 07:06:06', '2023-04-06 07:07:21'),
(82981, 6, 5, 170, 84, 89, 1, '2023-04-06 07:06:06', '2023-04-06 07:07:21'),
(82982, 6, 6, 169, 84, 77, 1, '2023-04-06 07:06:06', '2023-04-06 07:07:21'),
(82983, 6, 6, 170, 84, 77, 1, '2023-04-06 07:06:06', '2023-04-06 07:07:21'),
(82984, 6, 7, 169, 84, 89, 1, '2023-04-06 07:06:06', '2023-04-06 07:07:21'),
(82985, 6, 7, 170, 84, 89, 1, '2023-04-06 07:06:06', '2023-04-06 07:07:21'),
(82986, 6, 8, 169, 84, 96, 1, '2023-04-06 07:06:06', '2023-04-06 07:07:21'),
(82987, 6, 8, 170, 84, 96, 1, '2023-04-06 07:06:06', '2023-04-06 07:07:21'),
(82988, 6, 9, 169, 84, 77, 1, '2023-04-06 07:06:06', '2023-04-06 07:07:21'),
(82989, 6, 9, 170, 84, 77, 1, '2023-04-06 07:06:06', '2023-04-06 07:07:21'),
(82990, 6, 10, 169, 84, 86, 1, '2023-04-06 07:06:06', '2023-04-06 07:07:21'),
(82991, 6, 10, 170, 84, 86, 1, '2023-04-06 07:06:06', '2023-04-06 07:07:21'),
(82992, 6, 11, 169, 84, 100, 1, '2023-04-06 07:06:06', '2023-04-06 07:07:21'),
(82993, 6, 11, 170, 84, 100, 1, '2023-04-06 07:06:06', '2023-04-06 07:07:21'),
(82994, 6, 12, 169, 84, 75, 1, '2023-04-06 07:06:06', '2023-04-06 07:07:21'),
(82995, 6, 12, 170, 84, 75, 1, '2023-04-06 07:06:06', '2023-04-06 07:07:21'),
(82996, 6, 13, 169, 84, 100, 1, '2023-04-06 07:06:06', '2023-04-06 07:07:21'),
(82997, 6, 13, 170, 84, 100, 1, '2023-04-06 07:06:06', '2023-04-06 07:07:21'),
(82998, 6, 1, 171, 85, 86, 1, '2023-04-06 07:06:06', '2023-04-06 07:10:17'),
(82999, 6, 1, 172, 85, 86, 1, '2023-04-06 07:06:06', '2023-04-06 07:10:17'),
(83000, 6, 2, 171, 85, 86, 1, '2023-04-06 07:06:06', '2023-04-06 07:10:17'),
(83001, 6, 2, 172, 85, 86, 1, '2023-04-06 07:06:06', '2023-04-06 07:10:17'),
(83002, 6, 3, 171, 85, 86, 1, '2023-04-06 07:06:06', '2023-04-06 07:10:17'),
(83003, 6, 3, 172, 85, 86, 1, '2023-04-06 07:06:06', '2023-04-06 07:10:17'),
(83004, 6, 4, 171, 85, 88, 1, '2023-04-06 07:06:06', '2023-04-06 07:10:17'),
(83005, 6, 4, 172, 85, 88, 1, '2023-04-06 07:06:06', '2023-04-06 07:10:17'),
(83006, 6, 5, 171, 85, 88, 1, '2023-04-06 07:06:06', '2023-04-06 07:10:17'),
(83007, 6, 5, 172, 85, 88, 1, '2023-04-06 07:06:06', '2023-04-06 07:10:17'),
(83008, 6, 6, 171, 85, 88, 1, '2023-04-06 07:06:06', '2023-04-06 07:10:17'),
(83009, 6, 6, 172, 85, 88, 1, '2023-04-06 07:06:06', '2023-04-06 07:10:17'),
(83010, 6, 7, 171, 85, 77, 1, '2023-04-06 07:06:06', '2023-04-06 07:10:17'),
(83011, 6, 7, 172, 85, 77, 1, '2023-04-06 07:06:06', '2023-04-06 07:10:17'),
(83012, 6, 8, 171, 85, 77, 1, '2023-04-06 07:06:06', '2023-04-06 07:10:17'),
(83013, 6, 8, 172, 85, 77, 1, '2023-04-06 07:06:06', '2023-04-06 07:10:17'),
(83014, 6, 9, 171, 85, 89, 1, '2023-04-06 07:06:06', '2023-04-06 07:10:17'),
(83015, 6, 9, 172, 85, 89, 1, '2023-04-06 07:06:06', '2023-04-06 07:10:17'),
(83016, 6, 10, 171, 85, 86, 1, '2023-04-06 07:06:06', '2023-04-06 07:10:17'),
(83017, 6, 10, 172, 85, 86, 1, '2023-04-06 07:06:06', '2023-04-06 07:10:17'),
(83018, 6, 11, 171, 85, 88, 1, '2023-04-06 07:06:06', '2023-04-06 07:10:17'),
(83019, 6, 11, 172, 85, 88, 1, '2023-04-06 07:06:06', '2023-04-06 07:10:17'),
(83020, 6, 12, 171, 85, 89, 1, '2023-04-06 07:06:06', '2023-04-06 07:10:17'),
(83021, 6, 12, 172, 85, 89, 1, '2023-04-06 07:06:06', '2023-04-06 07:10:17'),
(83022, 6, 13, 171, 85, 87, 1, '2023-04-06 07:06:06', '2023-04-06 07:10:17'),
(83023, 6, 13, 172, 85, 87, 1, '2023-04-06 07:06:06', '2023-04-06 07:10:17'),
(83024, 6, 1, 173, 86, 86, 1, '2023-04-06 07:06:06', '2023-04-06 07:11:55'),
(83025, 6, 1, 174, 86, 86, 1, '2023-04-06 07:06:06', '2023-04-06 07:11:55'),
(83026, 6, 2, 173, 86, 77, 1, '2023-04-06 07:06:06', '2023-04-06 07:11:55'),
(83027, 6, 2, 174, 86, 77, 1, '2023-04-06 07:06:06', '2023-04-06 07:11:55'),
(83028, 6, 3, 173, 86, 89, 1, '2023-04-06 07:06:06', '2023-04-06 07:11:55'),
(83029, 6, 3, 174, 86, 89, 1, '2023-04-06 07:06:06', '2023-04-06 07:11:55'),
(83030, 6, 4, 173, 86, 90, 1, '2023-04-06 07:06:06', '2023-04-06 07:11:55'),
(83031, 6, 4, 174, 86, 90, 1, '2023-04-06 07:06:06', '2023-04-06 07:11:55'),
(83032, 6, 5, 173, 86, 86, 1, '2023-04-06 07:06:06', '2023-04-06 07:11:55'),
(83033, 6, 5, 174, 86, 86, 1, '2023-04-06 07:06:06', '2023-04-06 07:11:55'),
(83034, 6, 6, 173, 86, 87, 1, '2023-04-06 07:06:06', '2023-04-06 07:11:55'),
(83035, 6, 6, 174, 86, 87, 1, '2023-04-06 07:06:06', '2023-04-06 07:11:55'),
(83036, 6, 7, 173, 86, 86, 1, '2023-04-06 07:06:06', '2023-04-06 07:11:55'),
(83037, 6, 7, 174, 86, 86, 1, '2023-04-06 07:06:06', '2023-04-06 07:11:55'),
(83038, 6, 8, 173, 86, 75, 1, '2023-04-06 07:06:06', '2023-04-06 07:11:55'),
(83039, 6, 8, 174, 86, 75, 1, '2023-04-06 07:06:06', '2023-04-06 07:11:55'),
(83040, 6, 9, 173, 86, 76, 1, '2023-04-06 07:06:06', '2023-04-06 07:11:55'),
(83041, 6, 9, 174, 86, 76, 1, '2023-04-06 07:06:06', '2023-04-06 07:11:55'),
(83042, 6, 10, 173, 86, 86, 1, '2023-04-06 07:06:06', '2023-04-06 07:11:55'),
(83043, 6, 10, 174, 86, 86, 1, '2023-04-06 07:06:06', '2023-04-06 07:11:55'),
(83044, 6, 11, 173, 86, 88, 1, '2023-04-06 07:06:06', '2023-04-06 07:11:55'),
(83045, 6, 11, 174, 86, 88, 1, '2023-04-06 07:06:06', '2023-04-06 07:11:55'),
(83046, 6, 12, 173, 86, 84, 1, '2023-04-06 07:06:06', '2023-04-06 07:11:55'),
(83047, 6, 12, 174, 86, 84, 1, '2023-04-06 07:06:06', '2023-04-06 07:11:55'),
(83048, 6, 13, 173, 86, 89, 1, '2023-04-06 07:06:06', '2023-04-06 07:11:55'),
(83049, 6, 13, 174, 86, 89, 1, '2023-04-06 07:06:06', '2023-04-06 07:11:55'),
(83050, 6, 1, 177, 87, 78, 0, '2023-04-06 07:06:06', '2023-04-06 07:06:40'),
(83051, 6, 1, 178, 87, 86, 0, '2023-04-06 07:06:06', '2023-04-06 07:09:54'),
(83052, 6, 1, 179, 87, 86, 0, '2023-04-06 07:06:06', '2023-04-06 07:11:34'),
(83053, 6, 2, 177, 87, 88, 0, '2023-04-06 07:06:06', '2023-04-06 07:06:42'),
(83054, 6, 2, 178, 87, 86, 0, '2023-04-06 07:06:06', '2023-04-06 07:09:56'),
(83055, 6, 2, 179, 87, 77, 0, '2023-04-06 07:06:06', '2023-04-06 07:11:36'),
(83056, 6, 3, 177, 87, 99, 0, '2023-04-06 07:06:06', '2023-04-06 07:06:43'),
(83057, 6, 3, 178, 87, 86, 0, '2023-04-06 07:06:06', '2023-04-06 07:09:57'),
(83058, 6, 3, 179, 87, 89, 0, '2023-04-06 07:06:06', '2023-04-06 07:11:38'),
(83059, 6, 4, 177, 87, 78, 0, '2023-04-06 07:06:06', '2023-04-06 07:06:45'),
(83060, 6, 4, 178, 87, 88, 0, '2023-04-06 07:06:06', '2023-04-06 07:09:58'),
(83061, 6, 4, 179, 87, 90, 0, '2023-04-06 07:06:06', '2023-04-06 07:11:40'),
(83062, 6, 5, 177, 87, 89, 0, '2023-04-06 07:06:06', '2023-04-06 07:06:47'),
(83063, 6, 5, 178, 87, 88, 0, '2023-04-06 07:06:06', '2023-04-06 07:10:00'),
(83064, 6, 5, 179, 87, 86, 0, '2023-04-06 07:06:06', '2023-04-06 07:11:42'),
(83065, 6, 6, 177, 87, 77, 0, '2023-04-06 07:06:06', '2023-04-06 07:06:49'),
(83066, 6, 6, 178, 87, 88, 0, '2023-04-06 07:06:06', '2023-04-06 07:10:01'),
(83067, 6, 6, 179, 87, 87, 0, '2023-04-06 07:06:06', '2023-04-06 07:11:42'),
(83068, 6, 7, 177, 87, 89, 0, '2023-04-06 07:06:06', '2023-04-06 07:06:49'),
(83069, 6, 7, 178, 87, 77, 0, '2023-04-06 07:06:06', '2023-04-06 07:10:01'),
(83070, 6, 7, 179, 87, 86, 0, '2023-04-06 07:06:06', '2023-04-06 07:11:43'),
(83071, 6, 8, 177, 87, 96, 0, '2023-04-06 07:06:06', '2023-04-06 07:06:49'),
(83072, 6, 8, 178, 87, 77, 0, '2023-04-06 07:06:06', '2023-04-06 07:10:03'),
(83073, 6, 8, 179, 87, 75, 0, '2023-04-06 07:06:06', '2023-04-06 07:11:45'),
(83074, 6, 9, 177, 87, 77, 0, '2023-04-06 07:06:06', '2023-04-06 07:06:53'),
(83075, 6, 9, 178, 87, 89, 0, '2023-04-06 07:06:06', '2023-04-06 07:10:04'),
(83076, 6, 9, 179, 87, 76, 0, '2023-04-06 07:06:06', '2023-04-06 07:11:47'),
(83077, 6, 10, 177, 87, 86, 0, '2023-04-06 07:06:06', '2023-04-06 07:06:55'),
(83078, 6, 10, 178, 87, 86, 0, '2023-04-06 07:06:06', '2023-04-06 07:10:06'),
(83079, 6, 10, 179, 87, 86, 0, '2023-04-06 07:06:06', '2023-04-06 07:11:47'),
(83080, 6, 11, 177, 87, 100, 0, '2023-04-06 07:06:06', '2023-04-06 07:06:57'),
(83081, 6, 11, 178, 87, 88, 0, '2023-04-06 07:06:06', '2023-04-06 07:10:07'),
(83082, 6, 11, 179, 87, 88, 0, '2023-04-06 07:06:06', '2023-04-06 07:11:49'),
(83083, 6, 12, 177, 87, 75, 0, '2023-04-06 07:06:06', '2023-04-06 07:06:57'),
(83084, 6, 12, 178, 87, 89, 0, '2023-04-06 07:06:06', '2023-04-06 07:10:08'),
(83085, 6, 12, 179, 87, 84, 0, '2023-04-06 07:06:06', '2023-04-06 07:11:51'),
(83086, 6, 13, 177, 87, 100, 0, '2023-04-06 07:06:06', '2023-04-06 07:06:59'),
(83087, 6, 13, 178, 87, 87, 0, '2023-04-06 07:06:06', '2023-04-06 07:10:08'),
(83088, 6, 13, 179, 87, 89, 0, '2023-04-06 07:06:06', '2023-04-06 07:11:51'),
(83089, 6, 1, 180, 88, 76, 1, '2023-04-06 07:06:06', '2023-04-06 07:15:59'),
(83090, 6, 1, 181, 88, 76, 1, '2023-04-06 07:06:06', '2023-04-06 07:15:59'),
(83091, 6, 2, 180, 88, 89, 1, '2023-04-06 07:06:06', '2023-04-06 07:15:59'),
(83092, 6, 2, 181, 88, 89, 1, '2023-04-06 07:06:06', '2023-04-06 07:15:59'),
(83093, 6, 3, 180, 88, 88, 1, '2023-04-06 07:06:06', '2023-04-06 07:15:59'),
(83094, 6, 3, 181, 88, 88, 1, '2023-04-06 07:06:06', '2023-04-06 07:15:59'),
(83095, 6, 5, 180, 88, 76, 1, '2023-04-06 07:06:06', '2023-04-06 07:15:59'),
(83096, 6, 5, 181, 88, 76, 1, '2023-04-06 07:06:06', '2023-04-06 07:15:59'),
(83097, 6, 6, 180, 88, 87, 1, '2023-04-06 07:06:06', '2023-04-06 07:15:59'),
(83098, 6, 6, 181, 88, 87, 1, '2023-04-06 07:06:06', '2023-04-06 07:15:59'),
(83099, 6, 8, 180, 88, 87, 1, '2023-04-06 07:06:06', '2023-04-06 07:15:59'),
(83100, 6, 8, 181, 88, 87, 1, '2023-04-06 07:06:06', '2023-04-06 07:15:59'),
(83101, 6, 9, 180, 88, 88, 1, '2023-04-06 07:06:06', '2023-04-06 07:15:59'),
(83102, 6, 9, 181, 88, 88, 1, '2023-04-06 07:06:06', '2023-04-06 07:15:59'),
(83103, 6, 11, 180, 88, 84, 1, '2023-04-06 07:06:06', '2023-04-06 07:15:59'),
(83104, 6, 11, 181, 88, 84, 1, '2023-04-06 07:06:06', '2023-04-06 07:15:59'),
(83105, 6, 12, 180, 88, 86, 1, '2023-04-06 07:06:06', '2023-04-06 07:15:59'),
(83106, 6, 12, 181, 88, 86, 1, '2023-04-06 07:06:06', '2023-04-06 07:15:59'),
(83107, 6, 13, 180, 88, 89, 1, '2023-04-06 07:06:06', '2023-04-06 07:15:59'),
(83108, 6, 13, 181, 88, 89, 1, '2023-04-06 07:06:06', '2023-04-06 07:15:59'),
(83109, 6, 1, 182, 89, 76, 0, '2023-04-06 07:06:06', '2023-04-06 07:15:33'),
(83110, 6, 2, 182, 89, 89, 0, '2023-04-06 07:06:06', '2023-04-06 07:15:35'),
(83111, 6, 3, 182, 89, 88, 0, '2023-04-06 07:06:06', '2023-04-06 07:15:36'),
(83112, 6, 4, 182, 89, 0, 0, '2023-04-06 07:06:06', '2023-04-06 07:06:06'),
(83113, 6, 5, 182, 89, 76, 0, '2023-04-06 07:06:06', '2023-04-06 07:15:38'),
(83114, 6, 6, 182, 89, 87, 0, '2023-04-06 07:06:06', '2023-04-06 07:15:39'),
(83115, 6, 7, 182, 89, 0, 0, '2023-04-06 07:06:06', '2023-04-06 07:06:06'),
(83116, 6, 8, 182, 89, 87, 0, '2023-04-06 07:06:06', '2023-04-06 07:15:40'),
(83117, 6, 9, 182, 89, 88, 0, '2023-04-06 07:06:06', '2023-04-06 07:15:40'),
(83118, 6, 10, 182, 89, 0, 0, '2023-04-06 07:06:06', '2023-04-06 07:06:06'),
(83119, 6, 11, 182, 89, 84, 0, '2023-04-06 07:06:06', '2023-04-06 07:15:42'),
(83120, 6, 12, 182, 89, 86, 0, '2023-04-06 07:06:06', '2023-04-06 07:15:44'),
(83121, 6, 13, 182, 89, 89, 0, '2023-04-06 07:06:06', '2023-04-06 07:15:48'),
(83122, 6, 2, 183, 90, 94, 1, '2023-04-06 07:06:06', '2023-04-06 07:19:29'),
(83123, 6, 2, 184, 90, 94, 1, '2023-04-06 07:06:06', '2023-04-06 07:19:29'),
(83124, 6, 5, 183, 90, 96, 1, '2023-04-06 07:06:06', '2023-04-06 07:19:29'),
(83125, 6, 5, 184, 90, 96, 1, '2023-04-06 07:06:06', '2023-04-06 07:19:29'),
(83126, 6, 6, 183, 90, 100, 1, '2023-04-06 07:06:06', '2023-04-06 07:19:29'),
(83127, 6, 6, 184, 90, 100, 1, '2023-04-06 07:06:06', '2023-04-06 07:19:29'),
(83128, 6, 9, 183, 90, 77, 1, '2023-04-06 07:06:06', '2023-04-06 07:19:29'),
(83129, 6, 9, 184, 90, 77, 1, '2023-04-06 07:06:06', '2023-04-06 07:19:29'),
(83130, 6, 13, 183, 90, 77, 1, '2023-04-06 07:06:06', '2023-04-06 07:19:29'),
(83131, 6, 13, 184, 90, 77, 1, '2023-04-06 07:06:06', '2023-04-06 07:19:29');

-- --------------------------------------------------------

--
-- Table structure for table `toplists`
--

CREATE TABLE `toplists` (
  `id` bigint(20) UNSIGNED NOT NULL,
  `portion_id` smallint(5) UNSIGNED NOT NULL,
  `candidate_id` smallint(5) UNSIGNED NOT NULL,
  `event_id` smallint(5) UNSIGNED NOT NULL,
  `result` double NOT NULL,
  `created_at` timestamp NULL DEFAULT NULL,
  `updated_at` timestamp NULL DEFAULT NULL
) ENGINE=InnoDB DEFAULT CHARSET=utf8mb4 COLLATE=utf8mb4_unicode_ci;

--
-- Dumping data for table `toplists`
--

INSERT INTO `toplists` (`id`, `portion_id`, `candidate_id`, `event_id`, `result`, `created_at`, `updated_at`) VALUES
(1, 87, 4, 2, 82.733333333333, '2023-04-06 07:01:24', '2023-04-06 07:11:34'),
(2, 87, 5, 2, 82.466666666667, '2023-04-06 07:01:24', '2023-04-06 07:11:36'),
(3, 87, 6, 2, 83.033333333333, '2023-04-06 07:01:24', '2023-04-06 07:11:37'),
(4, 87, 7, 2, 80.3, '2023-04-06 07:01:24', '2023-04-06 07:11:39'),
(5, 87, 8, 2, 84, '2023-04-06 07:01:24', '2023-04-06 07:11:41'),
(6, 87, 9, 2, 84.5, '2023-04-06 07:01:24', '2023-04-06 07:11:41'),
(7, 87, 10, 2, 79.4, '2023-04-06 07:01:24', '2023-04-06 07:11:43'),
(8, 87, 11, 2, 82.766666666667, '2023-04-06 07:01:24', '2023-04-06 07:11:44'),
(9, 87, 12, 2, 81.966666666667, '2023-04-06 07:01:24', '2023-04-06 07:11:46'),
(10, 87, 13, 2, 81.133333333333, '2023-04-06 07:01:24', '2023-04-06 07:11:46'),
(11, 87, 14, 2, 86.5, '2023-04-06 07:01:24', '2023-04-06 07:11:48'),
(12, 87, 15, 2, 85.4, '2023-04-06 07:01:24', '2023-04-06 07:11:50'),
(13, 87, 16, 2, 85.933333333333, '2023-04-06 07:01:24', '2023-04-06 07:11:51'),
(14, 89, 4, 2, 79.333333333333, '2023-04-06 07:01:24', '2023-04-06 07:15:33'),
(15, 89, 5, 2, 95.666666666667, '2023-04-06 07:01:24', '2023-04-06 07:15:34'),
(16, 89, 6, 2, 84, '2023-04-06 07:01:24', '2023-04-06 07:15:35'),
(17, 89, 7, 2, 0, '2023-04-06 07:01:24', '2023-04-06 07:01:24'),
(18, 89, 8, 2, 92, '2023-04-06 07:01:24', '2023-04-06 07:15:37'),
(19, 89, 9, 2, 90.666666666667, '2023-04-06 07:01:24', '2023-04-06 07:15:38'),
(20, 89, 10, 2, 0, '2023-04-06 07:01:24', '2023-04-06 07:01:24'),
(21, 89, 11, 2, 81, '2023-04-06 07:01:24', '2023-04-06 07:15:39'),
(22, 89, 12, 2, 91.666666666667, '2023-04-06 07:01:24', '2023-04-06 07:15:41'),
(23, 89, 13, 2, 0, '2023-04-06 07:01:24', '2023-04-06 07:01:24'),
(24, 89, 14, 2, 82, '2023-04-06 07:01:24', '2023-04-06 07:15:42'),
(25, 89, 15, 2, 79.666666666667, '2023-04-06 07:01:24', '2023-04-06 07:15:44'),
(26, 89, 16, 2, 88.666666666667, '2023-04-06 07:01:24', '2023-04-06 07:16:34');

-- --------------------------------------------------------

--
-- Table structure for table `users`
--

CREATE TABLE `users` (
  `id` bigint(20) UNSIGNED NOT NULL,
  `name` varchar(255) COLLATE utf8mb4_unicode_ci NOT NULL,
  `username` varchar(255) COLLATE utf8mb4_unicode_ci NOT NULL,
  `password` varchar(255) COLLATE utf8mb4_unicode_ci NOT NULL,
  `role` varchar(255) COLLATE utf8mb4_unicode_ci NOT NULL,
  `remember_token` varchar(100) COLLATE utf8mb4_unicode_ci DEFAULT NULL,
  `created_at` timestamp NULL DEFAULT NULL,
  `updated_at` timestamp NULL DEFAULT NULL
) ENGINE=InnoDB DEFAULT CHARSET=utf8mb4 COLLATE=utf8mb4_unicode_ci;

--
-- Dumping data for table `users`
--

INSERT INTO `users` (`id`, `name`, `username`, `password`, `role`, `remember_token`, `created_at`, `updated_at`) VALUES
(1, 'ruel', 'rueladmin', '$2y$10$XA8mzglV6wUbWIe67XmFbOeCvCNcvL/pAswiozUWM9.A51dZbGHgu', '1', NULL, '2023-03-20 22:53:33', '2023-03-20 22:53:33'),
(2, 'han', 'han', '$2y$10$SHrsm2q9W6aomGTuMSCzr.aDyZ4zdv2O9Cd.hNGSpE9zhz/rQmPYa', '1', NULL, '2023-03-31 20:38:30', '2023-03-31 20:38:30'),
(3, 'casy', 'casy123', 'casy123', '1', NULL, '2023-04-22 09:18:27', '2023-04-22 09:18:27'),
(4, 'gaga', 'gaga123', '$2y$10$ezQ94pmiVQtqWDZ7J.mSzeff1q61wdz66qq.bwmyVhA/sMWWimcMe', '1', NULL, '2023-04-22 09:20:53', '2023-04-22 09:20:53'),
(5, 'boy', 'boy', '$2y$10$lQ8AzU4Ucu4sc42O7e1BbOQ5zI3prQf29qF5f6PBohjtWUu2CBN0C', '1', NULL, '2023-04-26 01:25:24', '2023-04-26 01:25:24');

--
-- Indexes for dumped tables
--

--
-- Indexes for table `additional_portions`
--
ALTER TABLE `additional_portions`
  ADD PRIMARY KEY (`id`);

--
-- Indexes for table `awards`
--
ALTER TABLE `awards`
  ADD PRIMARY KEY (`id`);

--
-- Indexes for table `candidates`
--
ALTER TABLE `candidates`
  ADD PRIMARY KEY (`id`);

--
-- Indexes for table `criterias`
--
ALTER TABLE `criterias`
  ADD PRIMARY KEY (`id`);

--
-- Indexes for table `events`
--
ALTER TABLE `events`
  ADD PRIMARY KEY (`id`);

--
-- Indexes for table `extra_toplists`
--
ALTER TABLE `extra_toplists`
  ADD PRIMARY KEY (`id`);

--
-- Indexes for table `failed_jobs`
--
ALTER TABLE `failed_jobs`
  ADD PRIMARY KEY (`id`),
  ADD UNIQUE KEY `failed_jobs_uuid_unique` (`uuid`);

--
-- Indexes for table `judges`
--
ALTER TABLE `judges`
  ADD PRIMARY KEY (`id`);

--
-- Indexes for table `migrations`
--
ALTER TABLE `migrations`
  ADD PRIMARY KEY (`id`);

--
-- Indexes for table `password_resets`
--
ALTER TABLE `password_resets`
  ADD KEY `password_resets_email_index` (`email`);

--
-- Indexes for table `personal_access_tokens`
--
ALTER TABLE `personal_access_tokens`
  ADD PRIMARY KEY (`id`),
  ADD UNIQUE KEY `personal_access_tokens_token_unique` (`token`),
  ADD KEY `personal_access_tokens_tokenable_type_tokenable_id_index` (`tokenable_type`,`tokenable_id`);

--
-- Indexes for table `portions`
--
ALTER TABLE `portions`
  ADD PRIMARY KEY (`id`);

--
-- Indexes for table `ratings`
--
ALTER TABLE `ratings`
  ADD PRIMARY KEY (`id`);

--
-- Indexes for table `toplists`
--
ALTER TABLE `toplists`
  ADD PRIMARY KEY (`id`);

--
-- Indexes for table `users`
--
ALTER TABLE `users`
  ADD PRIMARY KEY (`id`),
  ADD UNIQUE KEY `users_username_unique` (`username`),
  ADD UNIQUE KEY `users_password_unique` (`password`);

--
-- AUTO_INCREMENT for dumped tables
--

--
-- AUTO_INCREMENT for table `additional_portions`
--
ALTER TABLE `additional_portions`
  MODIFY `id` bigint(20) UNSIGNED NOT NULL AUTO_INCREMENT, AUTO_INCREMENT=18;

--
-- AUTO_INCREMENT for table `awards`
--
ALTER TABLE `awards`
  MODIFY `id` bigint(20) UNSIGNED NOT NULL AUTO_INCREMENT, AUTO_INCREMENT=15;

--
-- AUTO_INCREMENT for table `candidates`
--
ALTER TABLE `candidates`
  MODIFY `id` bigint(20) UNSIGNED NOT NULL AUTO_INCREMENT, AUTO_INCREMENT=17;

--
-- AUTO_INCREMENT for table `criterias`
--
ALTER TABLE `criterias`
  MODIFY `id` bigint(20) UNSIGNED NOT NULL AUTO_INCREMENT, AUTO_INCREMENT=190;

--
-- AUTO_INCREMENT for table `events`
--
ALTER TABLE `events`
  MODIFY `id` smallint(5) UNSIGNED NOT NULL AUTO_INCREMENT, AUTO_INCREMENT=4;

--
-- AUTO_INCREMENT for table `extra_toplists`
--
ALTER TABLE `extra_toplists`
  MODIFY `id` bigint(20) UNSIGNED NOT NULL AUTO_INCREMENT, AUTO_INCREMENT=16;

--
-- AUTO_INCREMENT for table `failed_jobs`
--
ALTER TABLE `failed_jobs`
  MODIFY `id` bigint(20) UNSIGNED NOT NULL AUTO_INCREMENT;

--
-- AUTO_INCREMENT for table `judges`
--
ALTER TABLE `judges`
  MODIFY `id` bigint(20) UNSIGNED NOT NULL AUTO_INCREMENT, AUTO_INCREMENT=9;

--
-- AUTO_INCREMENT for table `migrations`
--
ALTER TABLE `migrations`
  MODIFY `id` int(10) UNSIGNED NOT NULL AUTO_INCREMENT, AUTO_INCREMENT=18;

--
-- AUTO_INCREMENT for table `personal_access_tokens`
--
ALTER TABLE `personal_access_tokens`
  MODIFY `id` bigint(20) UNSIGNED NOT NULL AUTO_INCREMENT;

--
-- AUTO_INCREMENT for table `portions`
--
ALTER TABLE `portions`
  MODIFY `id` bigint(20) UNSIGNED NOT NULL AUTO_INCREMENT, AUTO_INCREMENT=95;

--
-- AUTO_INCREMENT for table `ratings`
--
ALTER TABLE `ratings`
  MODIFY `id` bigint(20) UNSIGNED NOT NULL AUTO_INCREMENT, AUTO_INCREMENT=83158;

--
-- AUTO_INCREMENT for table `toplists`
--
ALTER TABLE `toplists`
  MODIFY `id` bigint(20) UNSIGNED NOT NULL AUTO_INCREMENT, AUTO_INCREMENT=27;

--
-- AUTO_INCREMENT for table `users`
--
ALTER TABLE `users`
  MODIFY `id` bigint(20) UNSIGNED NOT NULL AUTO_INCREMENT, AUTO_INCREMENT=6;
COMMIT;

/*!40101 SET CHARACTER_SET_CLIENT=@OLD_CHARACTER_SET_CLIENT */;
/*!40101 SET CHARACTER_SET_RESULTS=@OLD_CHARACTER_SET_RESULTS */;
/*!40101 SET COLLATION_CONNECTION=@OLD_COLLATION_CONNECTION */;
